id,issue_no,issue_title,issue_created_by,issue_state,created_at,closed_at,commenters
0,1050,The reward criteria and distribution process in bug-bounty.md are not detailed enough,XXXJCSAMA,open,2025-07-21 04:00:37+00:00,,[]
1,1049,Pool swapreferrer,yurivin,closed,2025-07-20 13:13:52+00:00,2025-07-20 13:24:56+00:00,[]
2,1048,Jub,jovxx44,open,2025-07-18 09:28:57+00:00,,[]
3,1047,fix comment of `computeSwapStep`,zhiqiangxu,open,2025-07-17 18:23:47+00:00,,[]
4,1046,Juben,jovxx44,open,2025-07-17 13:04:15+00:00,,[]
5,1045,Juben,jovxx44,open,2025-07-17 13:03:57+00:00,,[]
6,1044,`_updatePosition`: add missing comment for `liquidityDelta`,zhiqiangxu,open,2025-07-17 06:04:32+00:00,,[]
7,1042,incorrect TVL value in subgraph,tonik-ru,open,2025-07-05 20:40:44+00:00,,[]
8,1041,Request for UniswapV3Factory Address on Sonic Network (Chain ID 0x92),Fileofish,closed,2025-06-19 09:59:46+00:00,2025-06-19 12:16:08+00:00,[]
9,1040,Remove flash feature,UrfinDeuce,closed,2025-06-03 09:42:47+00:00,2025-06-03 09:43:01+00:00,[]
10,1039,Swap event sometimes emits amount different by 1 to the actual transfer amount,DenyVeyten,open,2025-05-27 11:59:21+00:00,,[]
11,1038,Create generator-generic-ossf-slsa3-publish.yml,AmandaG133,open,2025-04-10 20:08:26+00:00,,[]
12,1037,docs: removed the badge because the workflow is disabled,Olexandr88,closed,2025-04-02 10:36:49+00:00,2025-06-08 13:40:15+00:00,[]
13,1036,Test,ramik10,closed,2025-04-01 12:05:03+00:00,2025-04-01 12:05:27+00:00,[]
14,1035,Included support for dynamic swap fees,purriza,closed,2025-03-31 15:15:17+00:00,2025-06-06 17:05:56+00:00,[]
15,1034,Duplicate code,lyc-1025,open,2025-03-27 02:28:37+00:00,,[]
16,1033,Implement dynamic swap fees,0xKaito,closed,2025-03-26 13:06:40+00:00,2025-03-26 13:36:24+00:00,[]
17,1032,"[Bug] [V2, V3, V4] quote is worse than [V3, V4] quote: A discrepancy in quoted prices across different versions.â€‹ GitHub",defiveninth,open,2025-03-22 10:52:56+00:00,,[]
18,1031,Add dynamic fee modal,bajajanirudh,closed,2025-03-07 13:23:10+00:00,2025-06-22 11:16:45+00:00,[]
19,1030,allow compiler >=0.8.0,Mathacc,closed,2025-02-14 15:59:36+00:00,2025-06-21 20:13:02+00:00,['Mathacc']
20,1029,Create launch.json,Wesli933,closed,2025-02-04 05:04:47+00:00,2025-04-12 16:34:48+00:00,[]
21,1028,Leo,Leoh559,open,2025-01-19 23:58:52+00:00,,['defiveninth']
22,1027,Leo,Leoh559,closed,2025-01-18 03:19:50+00:00,2025-01-21 10:07:39+00:00,[]
23,1026,Leo,Leoh559,open,2025-01-17 17:17:46+00:00,,[]
24,1025,Can't use v3-core library in solidity v0.8.25,unionmini,closed,2025-01-14 13:09:33+00:00,2025-01-14 13:16:04+00:00,['hensha256']
25,1024,C#,Daiiteamo,closed,2025-01-03 03:54:33+00:00,2025-01-06 11:13:25+00:00,[]
26,1023,Transaction Fails When Increasing Liquidity in Uniswap V3 Using Web3.py,Toni-d-e-v,open,2024-12-30 10:12:09+00:00,,[]
27,1022,Update sol version,programskillforverification,open,2024-12-28 04:52:14+00:00,,[]
28,1021,typos-Update README.md,romashka-btc,closed,2024-12-27 11:39:36+00:00,2025-03-21 12:08:31+00:00,[]
29,1019,All,burkedaniel205,open,2024-12-19 09:28:33+00:00,,[]
30,1018,docs: standardize positions and observations functions documentation,Caplost,closed,2024-12-17 03:37:17+00:00,2025-02-26 11:49:06+00:00,[]
31,1017,docs: improve ticks function return value documentation,Caplost,closed,2024-12-17 03:29:56+00:00,2025-02-22 04:35:09+00:00,[]
32,1016,docs: improve slot0 function return value documentation,Caplost,closed,2024-12-17 03:22:06+00:00,2025-02-22 04:35:11+00:00,[]
33,1015,docs: fix parameter comment in CollectProtocol event,Caplost,closed,2024-12-17 03:14:33+00:00,2025-02-22 04:35:10+00:00,[]
34,1014,Fix Typographical Error in bug-bounty.md,Dimitrolito,closed,2024-12-10 09:20:06+00:00,2025-02-15 19:00:36+00:00,[]
35,1013,I govern over uniswapx ,Covitluat77,open,2024-11-29 20:51:53+00:00,,[]
36,1012,Liquidity V3 pools (USD),qafariamirhossein,open,2024-11-23 18:45:48+00:00,,['7779043']
37,1010,Fix the `observationCardinalityNext` doc string in IUniswapV3PoolState.sol ,flanagansteve,closed,2024-11-04 19:03:01+00:00,2025-01-24 02:42:59+00:00,[]
38,1009,Make owner configurable in the constructor,gretzke,closed,2024-11-03 23:24:12+00:00,2024-11-06 21:06:04+00:00,[]
39,1008,adding type casting to TickMath.sol,trashpirate,closed,2024-10-19 20:33:00+00:00,2025-07-08 03:08:42+00:00,[]
40,1007,stuff,ufusw,closed,2024-10-10 22:19:58+00:00,2025-01-24 02:43:02+00:00,[]
41,1006,Checking input amount when burning,TAnNbR,open,2024-10-08 02:23:51+00:00,,[]
42,1005,Si,Flores-21,open,2024-09-24 06:00:25+00:00,,[]
43,1004,Create npm-grunt.yml,Jamstar00,closed,2024-09-19 19:26:15+00:00,2024-09-19 19:26:37+00:00,[]
44,1002,"If someone maliciously initializes a pool with an impossible sqrtPriceX96, how can it be salvaged?",vseae,open,2024-09-18 08:38:47+00:00,,[]
45,1000,NUSHITS (NUSHITS),NUSHITS23,closed,2024-09-05 21:54:33+00:00,2024-11-13 21:05:32+00:00,[]
46,999,"Revert ""add bsc chain""",Dgggreevj,closed,2024-08-19 11:40:12+00:00,2025-01-24 02:43:00+00:00,['Jamstar00']
47,996,THESRF9s9o5PY4wPijP7BfP8K7xi5LfFu1,Sunlandtrade,closed,2024-08-10 06:47:56+00:00,2024-08-10 07:42:08+00:00,[]
48,993,Add additional fees,its-everdred,closed,2024-07-15 21:34:43+00:00,2024-07-15 21:37:45+00:00,[]
49,989,"preparations, drafts",YouStillAlive,closed,2024-07-04 15:27:38+00:00,2024-07-04 15:29:57+00:00,[]
50,988,fork uniswap v3-core to helix,xiaoch05,closed,2024-06-24 07:48:41+00:00,2024-06-24 07:51:38+00:00,[]
51,987,contracts/UniswapV3Pool.sol,Julsss1726,open,2024-06-17 00:55:58+00:00,,[]
52,986,optimism funding verification,bryancolligan,closed,2024-06-06 01:35:57+00:00,2024-07-08 14:58:47+00:00,[]
53,985,1111,Amirahanian,closed,2024-05-30 22:08:05+00:00,2024-05-30 22:28:31+00:00,[]
54,984,"fix TickBitmap, SwapMath, Oracle: replace ""if (A && B)"" to save gas fee issue",SujoySust,closed,2024-05-30 03:05:09+00:00,2025-01-24 02:43:01+00:00,[]
55,983,"Impossible to add liquidity and swap our token - Works on other platefirm (Sushi, Pancake etc.)",daishizenSensei,open,2024-04-30 13:13:29+00:00,,['Covitluat77']
56,982,Receite,evandrofgarcia,closed,2024-04-29 00:29:59+00:00,2024-09-16 17:43:35+00:00,['evandrofgarcia']
57,981,Add support for Polygon Amoy testnet,link271,open,2024-04-19 07:02:27+00:00,,"['acinmavi', 'andreyddk', 'GalinGanchev2', 'claytantor']"
58,980,"Vera Good ,ðŸ¤œðŸ¼ðŸ¤›ðŸ¼ðŸ€Thanks",evandrofgarcia,closed,2024-04-16 17:03:05+00:00,2024-04-16 17:10:36+00:00,['evandrofgarcia']
59,979,Question: What is ETH Token address on uniswap createPool,Jouzep,closed,2024-04-16 14:24:03+00:00,2024-04-16 17:10:57+00:00,['hensha256']
60,978,Update mask calculation on TickBitmap::nextInitializedTickWithinOneWord,ParsaAminpour,closed,2024-03-24 05:34:42+00:00,2024-07-23 01:29:28+00:00,[]
61,977,Sepolia testnet addressesProvider address to dynamically choose liquidity pool,carlhenly,open,2024-03-19 20:48:33+00:00,,"['merlinwizzard', 'merlinwizzard']"
62,976,I have a question about the value 16384.,vseae,open,2024-02-29 08:46:49+00:00,,[]
63,975,Create tea,randiacul12,closed,2024-02-23 16:11:57+00:00,2024-07-23 01:29:27+00:00,"['pannu5788', 'randiacul12']"
64,973,Please deploy contract to Scroll mainnet,AkarExcel,open,2024-02-21 16:05:14+00:00,,[]
65,972,NEAR logo is incorrect & gives a security warning !,vikpande,open,2024-02-16 13:46:45+00:00,,"['vikpande', 'vikpande']"
66,971,Tucker,Abeanna,open,2024-01-25 04:55:59+00:00,,[]
67,970,Uniswap/v3-core,Georgezhang714,open,2024-01-22 20:16:56+00:00,,['Georgezhang714']
68,969,0xA626247342EE20CDFd53Bb0f17EF3B02B82E6034,anhlam2234,open,2024-01-19 19:50:24+00:00,,['anhlam2234']
69,968,test,internetofmoney,open,2024-01-05 08:37:07+00:00,,[]
70,967,please deploy to zksync sepolia,forgetjuice,open,2024-01-05 08:35:07+00:00,,[]
71,966,test ,forgetjuice,open,2024-01-05 08:34:46+00:00,,[]
72,965,Please deploy contracts to testnet Holesky,wjmelements,closed,2024-01-05 00:31:36+00:00,2024-04-04 00:14:01+00:00,"['wjmelements', 'wjmelements', 'wjmelements']"
73,964,Update README.md,smartcontractcodes,closed,2023-12-22 19:57:43+00:00,2023-12-22 19:57:59+00:00,[]
74,963,Please deploy contracts to OP Sepolia,sbvegan,open,2023-12-19 22:34:40+00:00,,[]
75,962,Set up deployment scripts for v3-core,KyrylR,closed,2023-12-15 13:27:37+00:00,2023-12-15 13:27:48+00:00,[]
76,961,Token,Sade28,closed,2023-12-13 16:37:46+00:00,2023-12-13 16:42:39+00:00,[]
77,960,0xBad14303912b9dFd1933402a0D851549CdA7D13d,Mizanur1988,closed,2023-12-04 18:54:06+00:00,2023-12-04 19:03:12+00:00,[]
78,958,Can't sell reflection token,CryptoFist,open,2023-11-26 21:09:30+00:00,,"['CryptoFist', 'nabeelhassankhan19']"
79,957,Create Nixinh,Nixinh12,closed,2023-11-24 19:31:34+00:00,2024-07-19 19:33:34+00:00,[]
80,690,audit readme,Wsscrypto,closed,2023-11-15 16:31:00+00:00,2023-11-15 16:31:38+00:00,[]
81,689,"Refactoring, optimizations, improved readability and interfaces",yuriarthf,closed,2023-11-03 04:03:56+00:00,2023-11-06 13:06:07+00:00,[]
82,688,Implementation of createLimitOrder and Auto-Closure of Positions Once Filled,duralsh,closed,2023-10-27 13:24:42+00:00,2024-03-22 01:47:21+00:00,[]
83,686,uniswap v3 address url is what by etherscan ?,Rodert,closed,2023-10-09 03:05:35+00:00,2023-11-20 11:43:31+00:00,['anhlam2234']
84,684,docs: add hyperlinks to improve navigation,jihed-chalghaf,closed,2023-10-03 16:29:17+00:00,2023-12-09 20:59:33+00:00,[]
85,683,feeGrowthGlobal0X128Delta is incorrect in snapfile,gabkov,open,2023-10-02 14:58:23+00:00,,[]
86,682,test,norwegianneko,closed,2023-10-02 13:18:23+00:00,2023-10-02 13:18:42+00:00,[]
87,681,feat: Added limit order basic structure,groww-tech,closed,2023-09-30 09:54:36+00:00,2023-10-02 05:06:21+00:00,[]
88,680,> 0xfbcaA76076B117a90F60f148C6A4606556506b06,Georgezhang714,closed,2023-09-30 05:08:10+00:00,2023-11-20 11:43:20+00:00,[]
89,679,Fixing type conversion errors,ianmaddox,closed,2023-09-25 02:27:58+00:00,2023-12-01 07:48:46+00:00,[]
90,678,### PR Summary,Mizanur1988,closed,2023-09-23 17:40:46+00:00,2023-11-20 11:43:48+00:00,[]
91,676,Uniswap Info,Mizanur1988,closed,2023-09-18 19:13:15+00:00,2023-11-20 11:43:39+00:00,['DimitriMavrick']
92,675,"Feature Request: Uniswap V3 sqrtPrice, require token decimals as input",izzetemredemir,open,2023-09-12 01:52:07+00:00,,['pushkarkumarlal']
93,674,Buider,Georgezhang714,closed,2023-09-05 05:36:04+00:00,2023-11-20 11:43:56+00:00,['Georgezhang714']
94,672,Vishal,vishal-sys,closed,2023-09-01 22:11:50+00:00,2023-11-08 05:30:28+00:00,[]
95,671,Changes Version,vishal-sys,closed,2023-09-01 21:46:33+00:00,2023-12-12 01:04:49+00:00,[]
96,670,Getting JSBI error while trying to swap 2 token in uinswap using v3-sdk,forgetjuice,open,2023-08-09 08:25:10+00:00,,[]
97,666,Update BitMath.sol,Bansuri-Gupta,closed,2023-07-27 09:32:43+00:00,2023-11-19 18:34:14+00:00,[]
98,665,Update UniswapV3Factory.sol :  [OPTIMISED],Bansuri-Gupta,closed,2023-07-27 09:23:38+00:00,2023-11-19 19:34:14+00:00,[]
99,664,Update UniswapV3Pool.sol,asujan205,closed,2023-07-26 13:20:39+00:00,2023-10-01 22:13:36+00:00,[]
100,663,"fix: update ""amount0"" -> ""amount1"" for CollectProtocol event of pool",cccchuck,closed,2023-07-23 14:54:13+00:00,2023-11-28 01:34:57+00:00,['Mizanur1988']
101,662,Hit ðŸŽ¯,khan1112,closed,2023-07-19 16:14:38+00:00,2023-11-20 11:44:15+00:00,[]
102,661,TypeConversionError solve,asujan205,closed,2023-07-18 14:23:01+00:00,2023-11-22 20:30:03+00:00,['Mizanur1988']
103,659,FIXED ISSUE #641,Swapnapratim,closed,2023-07-15 06:46:12+00:00,2023-09-20 18:43:47+00:00,[]
104,658,Getting JSBI error while trying to swap 2 token in uinswap using v3-sdk,Shivamycodee,open,2023-07-13 09:01:56+00:00,,[]
105,657,Unable to execute token swap on Uniswap using custom tokens on Mumbai Network,Shivamycodee,open,2023-07-10 07:37:24+00:00,,"['Shivamycodee', 'Shivamycodee']"
106,656,"TickBitmap, SwapMath, Oracle: replace ""if (A && B)"" to save gas fees",Chain-Fox,open,2023-06-30 00:27:05+00:00,,[]
107,654,change SLOAD to MLOAD to save gas,molly-ting,closed,2023-06-24 02:27:59+00:00,2023-11-17 00:05:31+00:00,"['truongnghia', 'yzhou61']"
108,653,Review and fix mutation testing results,dnkolegov,closed,2023-06-22 08:04:23+00:00,2023-06-22 08:05:45+00:00,[]
109,650,"Potential ""Corrupt"" pool. Mismatch between tick and sqrtPrice",NoUJoe,open,2023-06-12 03:19:34+00:00,,"['ashutosh887', 'NoUJoe', 'NoUJoe', 'NoUJoe', 'elee1766']"
110,649,docs: fix incorrect Natspec param name for `CollectProtocol` event,CJ42,closed,2023-06-06 16:30:27+00:00,2023-11-25 21:17:35+00:00,"['Hugoo', 'CJ42', 'Hugoo']"
111,647,Deploy | Connection with the smart contract,Aaron-Koh,open,2023-05-20 07:33:04+00:00,,['ashutosh887']
112,646,Fix getFeeGrowthInside function bug?,jingkang0822,closed,2023-05-18 10:04:22+00:00,2023-05-31 03:04:56+00:00,"['Abeanna', 'jingkang0822']"
113,644,Fixed Typos in function swap's doc string,ertuil,closed,2023-05-12 16:01:39+00:00,2023-07-18 17:58:48+00:00,[]
114,643,Supporting Viem,StKostyantin,open,2023-05-10 00:59:56+00:00,,[]
115,641,"Unary operator misused, fails to compile with solidity v8.18",stevieraykatz,open,2023-05-03 23:34:59+00:00,,"['ashutosh887', 'Swapnapratim']"
116,639,Add tag for solidity 0.8 version,drLis,open,2023-04-25 01:55:42+00:00,,[]
117,636,On the relationship between the pool and the NFT position manager,0xprofessooor,closed,2023-04-12 20:56:52+00:00,2023-04-12 23:15:59+00:00,['0xprofessooor']
118,635,move loop invariant variables out from loop to save gas,molly-ting,closed,2023-04-11 04:14:36+00:00,2023-10-28 09:08:53+00:00,"['meuamigopedro', 'songlh', 'molly-ting']"
119,634,Question about uniswap math,Whynot63,open,2023-04-04 10:12:15+00:00,,['sam41306061']
120,631,"syntax erro on "" NoDelegateCall.sol "" file ",Javadyakuza,open,2023-03-31 15:23:30+00:00,,['0xshikhar']
121,629,Fix code style issues with Prettier,ewilz,closed,2023-03-16 19:39:12+00:00,2023-03-16 20:21:38+00:00,"['Md0135', 'cyberdot143', 'cyberdot143']"
122,628,add bsc chain,ewilz,closed,2023-03-16 19:31:53+00:00,2023-03-16 20:24:31+00:00,"['StemmlerSisters', 'Jamstar00']"
123,627,change memory to calldata,molly-ting,closed,2023-03-14 01:09:58+00:00,2023-03-28 03:44:47+00:00,['molly-ting']
124,626,Remove 0.8 version constraint.,skinheadz,closed,2023-03-09 22:49:21+00:00,2023-06-20 21:09:00+00:00,['skinheadz']
125,624,V3 deploy,npoore,closed,2023-02-26 23:19:17+00:00,2023-02-26 23:19:47+00:00,"['samuelmonday699', 'samuelmonday699']"
126,622,Unused pool import,CalabashSquash,closed,2023-02-22 23:00:01+00:00,2023-05-18 03:21:16+00:00,[]
127,621,124206,Yupi123123,closed,2023-02-21 15:35:49+00:00,2023-03-06 15:27:16+00:00,[]
128,620,124206,Yupi123123,closed,2023-02-21 15:34:41+00:00,2023-03-06 15:27:15+00:00,['Yupi123123']
129,619,About echidna-test inside audits folder,0xKarl98,open,2023-02-20 15:43:07+00:00,,['0xKarl98']
130,618,Eliminate unnecessary variable assignments in Position.update() ,minebuu,open,2023-02-16 06:31:28+00:00,,[]
131,617,Add optimism goerli testnet support,boshmaf,closed,2023-02-13 09:25:43+00:00,2023-02-13 09:28:48+00:00,"['boshmaf', '0xalbert']"
132,616,Upgrade solidity version to ^0.8.0,StiofanZ,closed,2023-02-10 16:49:19+00:00,2023-06-20 22:09:00+00:00,['skinheadz']
133,615,avoid duplicated comparison between sqrtRatioNextX96 and sqrtRatioTarâ€¦,CoreyLin,closed,2023-02-02 09:37:48+00:00,2023-04-10 12:41:51+00:00,[]
134,614,Got an Error when Testing BitMath.spec.ts,arjunaskykok,open,2023-01-29 08:10:56+00:00,,"['dannliuu', 'arjunaskykok', 'krishnq', 'Tranhung2h', 'timwhite2', 'dubzn']"
135,613,Redundant code and optimization,octaviusp,open,2023-01-21 15:39:54+00:00,,[]
136,612,gas optimization,kaustubhthakur,closed,2023-01-21 14:16:27+00:00,2023-01-22 06:51:11+00:00,['kaustubhthakur']
137,611,Potential price fetching/calculation error,LeonDolinar,closed,2023-01-17 04:55:26+00:00,2023-05-10 01:50:12+00:00,['LeonDolinar']
138,610,Uniswap,GoldenBoss1,closed,2023-01-16 12:52:28+00:00,2023-03-06 15:27:53+00:00,[]
139,609,Optimism goerli testnet support,roleengineer,open,2023-01-11 20:55:02+00:00,,[]
140,608,Failed to install packages through `yarn install`,yihan2099,closed,2023-01-11 11:04:08+00:00,2023-02-28 04:30:53+00:00,"['gautameminence', 'yihan2099', 'Parabellum577']"
141,607,"Explicit type conversion not allowed from ""int24"" to ""uint8"".",shubhamanandspeqto,open,2023-01-10 10:29:13+00:00,,"['shubhamanandspeqto', 'Lockwu6749', 'jksgfsdfd', 'solyasa']"
142,606,EOF testing,moodysalem,closed,2023-01-06 17:56:56+00:00,2023-01-06 17:57:14+00:00,[]
143,605,"Etherscan contract interface does not check for authentication, Large number of admin functions callable by public, XSS vulnerability in etherscan.",amritabithi,closed,2023-01-05 03:18:38+00:00,2023-01-06 00:56:51+00:00,[]
144,603,"Revert ""Added 2 missing natspec params""",truestorybaby,closed,2022-12-16 23:44:25+00:00,2023-03-18 19:02:56+00:00,[]
145,602,L10n revert 1 opencollective bot/configuration,truestorybaby,closed,2022-12-16 18:29:57+00:00,2023-04-09 03:41:57+00:00,[]
146,601,  Unable to remove liquidity from token/token pair on uniswap ,blcdevs,open,2022-12-15 03:09:16+00:00,,[]
147,600,exactOutputSingle   execution reverted: STF,JackGod001,closed,2022-12-14 21:37:21+00:00,2022-12-16 02:36:19+00:00,['JackGod001']
148,597,Optimized Code for NoDelegateCall.sol,thouravi,closed,2022-12-02 17:14:41+00:00,2022-12-08 18:01:56+00:00,['ewilz']
149,595,ETHRelay to refund lost tokens,jchen217,closed,2022-11-21 20:49:27+00:00,2022-12-08 18:01:33+00:00,"['Talynlove22', 'Roob0910', 'ewilz', 'jchen217']"
150,594,@DuhCompuder,M9na12,closed,2022-11-18 23:43:54+00:00,2022-11-21 20:15:33+00:00,"['M9na12', 'M9na12']"
151,593,auto route working example,ubuntutest,closed,2022-11-11 14:48:51+00:00,2022-11-21 20:14:03+00:00,"['NoahZinsmeister', 'ubuntutest']"
152,592,getAmountsOut on v3 stop working,ubuntutest,closed,2022-11-09 17:59:02+00:00,2022-11-21 20:15:29+00:00,"['ZCalz', 'Jones098', 'Jones098', 'ubuntutest', 'M9na12', 'NoahZinsmeister', 'ubuntutest']"
153,591,What is the magic number in TickMath?,quocle108,open,2022-11-06 15:21:25+00:00,,[]
154,590,Error in the Optimism Uniswap v3 contract ETH-WETH - lost 30 ETH,nikolasete,open,2022-11-03 12:21:08+00:00,,"['ZCalz', 'nikolasete']"
155,588,comment in interface,ppumang,closed,2022-11-01 03:30:49+00:00,2022-11-21 20:19:10+00:00,[]
156,586,Error on FullMath.mulDiv,venikpapa,closed,2022-10-25 00:38:09+00:00,2022-11-21 20:18:00+00:00,"['Jones098', 'NoahZinsmeister', 'PaulRBerg']"
157,585,remove redundant liquidityNext which is not used,CoreyLin,closed,2022-10-21 01:58:53+00:00,2022-11-21 20:18:53+00:00,['Jones098']
158,584,Missing natspec comment for return value,zt-9,open,2022-10-21 00:43:25+00:00,,[]
159,583,Refund otherwise lost tokens (deposited using unsupported functions),tristartom,open,2022-10-19 16:10:33+00:00,,"['tristartom', 'jchen217', 'jchen217']"
160,581,"ERC20 Create pool (reason=""execution reverted: STF"")",GNURub,open,2022-10-06 14:28:09+00:00,,"['zemse', 'GNURub', 'tschmidt-tf', 'anassabbane', 'akhilparakka', 'Dante9988']"
161,580,Decompilation of methods/functions provided via multicall() function,kapisolec,open,2022-10-03 08:25:36+00:00,,"['vladweat', 'Jonkrua']"
162,579,Minor Spelling Fix in Ticks.sol,ControlCplusControlV,closed,2022-09-14 17:58:09+00:00,2022-09-27 15:20:00+00:00,"['JasoonS', 'ControlCplusControlV']"
163,578,Price discrepancy between tick price and SqrtPriceX96,sh1ng,open,2022-09-14 07:54:54+00:00,,"['zemse', 'reuptaken', 'johann75sch']"
164,577,"Explicit type conversion not allowed from ""uint8"" to ""int24"".",techOptimizor,open,2022-09-10 13:54:30+00:00,,"['ZCalz', 'Jones098', '0xhammadali']"
165,576,Fix stupid bug,swapnilraj,closed,2022-09-02 15:31:20+00:00,2022-09-02 15:31:57+00:00,[]
166,575,Fixes,GregVardz,closed,2022-09-02 12:19:04+00:00,2022-09-02 12:20:50+00:00,[]
167,574,Uniswap,pro-hue,closed,2022-09-01 00:17:28+00:00,2022-09-02 16:16:28+00:00,['snreynolds']
168,573,Strange behaviour fees in range,Whynot63,closed,2022-08-17 17:48:31+00:00,2022-08-17 20:06:07+00:00,"['aadams', 'Whynot63', 'Whynot63', 'Whynot63', 'gphil']"
169,572,Update UniswapV3Factory.spec.ts,xmas7,closed,2022-07-20 13:27:41+00:00,2022-07-20 13:27:55+00:00,[]
170,571,feat: add stale config,marktoda,closed,2022-07-13 18:45:30+00:00,2022-07-13 18:48:04+00:00,[]
171,570,1 wei of token remains after requesting removal of 100% from pool,philipSKYBIT,open,2022-07-03 05:27:42+00:00,,['marktoda']
172,569,feat: solidity 8 support,skeletor-spaceman,closed,2022-06-28 19:36:40+00:00,2022-06-28 19:39:04+00:00,[]
173,568,565,7779043,closed,2022-06-24 09:50:37+00:00,2022-07-06 22:27:56+00:00,['marktoda']
174,567,[SECURITY] DO NOT MERGE THIS PR,CrypticDriver,closed,2022-06-24 08:37:49+00:00,2022-06-24 08:39:06+00:00,"['CrypticDriver', '7779043']"
175,566,Implement token ERC223 for swap and liquidity pools,laurent387,closed,2022-06-20 13:32:23+00:00,2022-07-06 22:29:17+00:00,"['geoffreymoya', 'marktoda']"
176,565,First mint issue with a fee-on-transfer token,vovapwn,closed,2022-06-15 23:32:00+00:00,2022-07-06 22:30:54+00:00,"['zemse', 'marktoda', 'miohtama']"
177,563,Simulate,Simpsonlarry005,closed,2022-06-08 03:44:26+00:00,2022-11-09 07:26:56+00:00,[]
178,562,add a simulate method,NoahZinsmeister,closed,2022-06-02 16:05:34+00:00,2022-06-02 17:20:50+00:00,[]
179,561,Simulate lib imports UniswapV3Pool which has pragma =0.8.12,134dd3v,closed,2022-06-02 07:01:50+00:00,2022-06-02 19:06:31+00:00,['NoahZinsmeister']
180,560,Sepolia testnet support,therealdannzor,open,2022-05-27 15:40:21+00:00,,"['marktoda', 'makemake-kbo', 'patchmix', 'aenikata', 'MattCorte', 'Maroutis', 'andiras', 'makemake-kbo', 'rpedroni', 'cryptostar7', 'skillful-alex', 'Rubanrubi', 'ashaller2017', 'aboongm', 'monique-baumann', 'chervyachok', 'brianyang']"
181,557,Dual license under GPL or BUSL,NoahZinsmeister,closed,2022-05-11 17:31:21+00:00,2022-05-11 17:41:04+00:00,[]
182,556,uniswap,miguelo10,closed,2022-05-09 19:35:11+00:00,2022-05-19 19:15:33+00:00,"['truestorybaby', 'miguelo10']"
183,555,can't sell token with custom fee on transfer,antonina-nesmelova,closed,2022-05-06 09:43:42+00:00,2022-07-07 00:21:31+00:00,['marktoda']
184,551,443 -> curl -L https://foundry.paradigm.xyz | bash,uninstalls,closed,2022-04-27 03:27:48+00:00,2022-05-19 19:15:26+00:00,['NoahZinsmeister']
185,550,Only part of the order is being executed using V3 Swap Router 1,wdqco,open,2022-04-25 09:49:29+00:00,,"['zemse', 'wdqco', 'marktoda']"
186,547,Sorry created issue in wrong repo,134dd3v,closed,2022-03-18 10:55:43+00:00,2022-03-18 10:56:09+00:00,[]
187,546,Uniswap-V3-Core,rspadinger,closed,2022-03-17 16:07:53+00:00,2022-03-17 16:11:02+00:00,[]
188,545,OracleLibrary incompatible with latest OpenZeppelin,algorithmical,open,2022-03-16 21:52:54+00:00,,['marktoda']
189,544,"""constructor"" Is Not a Name of a Function",aleem-ahmed,closed,2022-03-12 21:30:45+00:00,2022-05-03 12:59:31+00:00,"['moodysalem', 'aleem-ahmed']"
190,543,first pass at 0.8.12,NoahZinsmeister,closed,2022-03-07 16:14:09+00:00,2022-03-07 18:33:07+00:00,[]
191,537,Update the lint config,super0605,closed,2022-02-14 10:39:52+00:00,2022-03-07 15:12:40+00:00,[]
192,536,convert solc from 0.7.6 to 0.8.11,br4e,closed,2022-02-09 03:09:17+00:00,2022-03-07 15:12:25+00:00,"['Vorh', 'wilsoncusack']"
193,535,What is the meaning of 'exactIn'?,chaufinhay,closed,2022-02-04 03:18:39+00:00,2022-03-07 15:13:41+00:00,"['7779043', '7779043', 'NoahZinsmeister']"
194,528,R,Mordeth134,closed,2022-01-21 00:26:10+00:00,2022-01-26 20:50:49+00:00,[]
195,527,Explicit conversions for Solidity 0.8.x compatibility,cameel,closed,2022-01-20 19:14:19+00:00,2022-01-26 20:49:25+00:00,"['NoahZinsmeister', 'cameel']"
196,525,Constrain FullMath pragma to <0.8.0,wilsoncusack,closed,2022-01-17 20:50:55+00:00,2022-01-26 20:54:24+00:00,"['wilsoncusack', 'NoahZinsmeister']"
197,523,Why does UniswapV3Pool.sol use NoDelegateCall.sol? ,elshan-eth,closed,2022-01-14 13:38:40+00:00,2022-01-24 21:55:47+00:00,"['zemse', '7779043', 'elshan-eth']"
198,522,Uniswap V3 sqrtPrice for ETH/DAI vs ETH/USDT and ETH/USDC vastly different,Spruceblue,closed,2022-01-14 05:12:03+00:00,2022-01-15 22:39:49+00:00,['Spruceblue']
199,521,ProviderError: max code size exceeded,chobynleo,closed,2022-01-12 08:12:47+00:00,2022-01-18 09:22:32+00:00,['chobynleo']
200,511,Get Token spot price,heeropunjabi,closed,2021-12-29 11:35:01+00:00,2022-01-26 20:51:52+00:00,['NoahZinsmeister']
201,510,Tapas Ranjan Behera GitHub Profile,beheratapasTRB3,closed,2021-12-27 12:21:47+00:00,2022-01-26 20:51:56+00:00,['beheratapasTRB3']
202,507,fix(contracts/libraries/Tick.sol): fix typo: iff => if,DavidCai1111,closed,2021-12-22 11:48:55+00:00,2021-12-22 17:41:59+00:00,['moodysalem']
203,506,How to verify certain V3 pool on etherescan (mainnet) ,Gdocal,open,2021-12-12 15:46:10+00:00,,['marktoda']
204,505,Add compability for solc 0.8,134dd3v,closed,2021-12-10 11:22:48+00:00,2022-01-26 20:49:54+00:00,"['134dd3v', 'NoahZinsmeister', 'moodysalem']"
205,502,"I lost my money on v2,with a less liquid pool.How can i get my money back?",FILAgiao,closed,2021-11-30 08:08:51+00:00,2021-12-01 20:17:32+00:00,['theSkele']
206,501,Rebuilding Pool State from Events,jamescarter-le,open,2021-11-22 12:39:41+00:00,,[]
207,500,What is the significance of 3402992956809132418596140100660247210 and 291339464771989622907027621153398088495 in TickMath?,paepey,open,2021-11-20 12:38:04+00:00,,"['paepey', 'moodysalem', 'wojciech-cichocki', 'moodysalem', 'ww4tson']"
208,499,Feature/jira 1,Dorothyo,closed,2021-11-19 04:58:34+00:00,2021-11-19 05:07:11+00:00,[]
209,497,Contract creation initialization returns data with length of more than 24576 bytes. The deployment will likely fails.,zhihaozhong789,closed,2021-11-09 10:17:19+00:00,2021-11-09 16:57:55+00:00,['moodysalem']
210,495,fix: see if the oracle tests still pass with simplified/more correct equation,moodysalem,closed,2021-10-20 16:05:59+00:00,2021-10-20 16:26:34+00:00,['moodysalem']
211,494,Added 2 missing natspec params,hensha256,closed,2021-09-16 18:13:27+00:00,2021-09-16 18:27:11+00:00,[]
212,493,Verify contracts on optimistic etherscan,willhennessy,closed,2021-07-19 21:15:23+00:00,2021-08-09 15:08:27+00:00,"['moodysalem', 'willhennessy', 'moodysalem', 'willhennessy', 'willhennessy']"
213,492,future feature request: pass through data returned from the callback of swap/mint/flash,moodysalem,open,2021-06-21 21:43:07+00:00,,[]
214,491,feat: OVM,gakonst,closed,2021-05-21 07:07:50+00:00,2021-06-11 14:23:02+00:00,['NoahZinsmeister']
215,490,Bump hosted-git-info from 2.8.8 to 2.8.9,dependabot[bot],closed,2021-05-11 23:42:37+00:00,2021-05-12 17:44:43+00:00,[]
216,489,"Libraries FullMath.sol and FixedPoint<96,128> don't work for Solidity >=0.8.0",DefiCake,open,2021-05-04 18:13:02+00:00,,"['TbLtzk', 'gzliudan', 'dalechyn']"
217,488,add liquidity after the swap to the pool swap event,moodysalem,closed,2021-05-04 16:35:43+00:00,2021-05-04 16:44:40+00:00,[]
218,487,Remove recipient/to field and use msg.sender instead,Zergity,closed,2021-05-02 08:10:05+00:00,2021-05-02 22:26:07+00:00,"['moodysalem', 'Zergity', 'moodysalem']"
219,485,Only 800 runs?,wjmelements,closed,2021-05-01 02:40:35+00:00,2021-05-01 13:40:27+00:00,['moodysalem']
220,484,"swap always invokes uniswapV3SwapCallback, and always to msg.sender",wjmelements,closed,2021-04-29 01:26:50+00:00,2021-04-29 01:28:57+00:00,['wjmelements']
221,481,add the cumulative tick to the tick,moodysalem,closed,2021-04-19 17:14:35+00:00,2021-04-19 21:29:03+00:00,[]
222,480,MockTimeUniswapV3PoolDeployer does not use same salt as UniswapV3PoolDeployer,moodysalem,closed,2021-04-19 14:10:55+00:00,2021-04-20 14:12:41+00:00,[]
223,476,Try fix echidna,moodysalem,closed,2021-04-16 15:38:47+00:00,2021-04-16 15:54:27+00:00,[]
224,475,berlin gas numbers,moodysalem,closed,2021-04-16 02:18:57+00:00,2021-04-16 14:14:41+00:00,['moodysalem']
225,474,computation of fee growth inside is inefficient,moodysalem,closed,2021-04-16 02:18:02+00:00,2021-04-16 16:40:15+00:00,['moodysalem']
226,473,"Hardcoded gas in tests, Hardhat and Berlin",fvictorio,closed,2021-04-15 20:59:48+00:00,2021-04-15 21:49:48+00:00,"['moodysalem', 'fvictorio', 'moodysalem', 'moodysalem', 'fvictorio']"
227,472,slot0 is currently only 31 bytes,moodysalem,closed,2021-04-15 20:02:18+00:00,2021-04-16 16:40:34+00:00,['moodysalem']
228,471,view function for snapshots,moodysalem,closed,2021-04-15 19:21:24+00:00,2021-04-19 18:12:52+00:00,[]
229,469,make the oracle fuzz test stricter,moodysalem,closed,2021-04-13 15:56:06+00:00,2021-04-13 18:44:58+00:00,[]
230,468,make observe cheaper by not constructing a whole observation for which only 2 fields are used,moodysalem,closed,2021-04-12 19:50:39+00:00,2021-04-12 22:32:59+00:00,[]
231,467,accumulate seconds per liquidity instead of liquidity,moodysalem,closed,2021-04-12 14:52:08+00:00,2021-04-20 15:27:51+00:00,['moodysalem']
232,457,Why is `optimize-runs` parameter set to 800?,hrkrshnn,closed,2021-03-31 18:32:54+00:00,2021-03-31 18:43:02+00:00,"['moodysalem', 'moodysalem', 'axic', 'moodysalem']"
233,455,Optimized div rounding up with require,moodysalem,closed,2021-03-29 15:56:24+00:00,2021-03-31 15:40:35+00:00,[]
234,449,very minor documentation typo,ga2arch,closed,2021-03-25 09:08:30+00:00,2021-03-25 16:56:34+00:00,[]
235,448,Redundant slot0.unlock in `swap`,brockelmore,closed,2021-03-24 15:50:37+00:00,2021-03-24 16:19:13+00:00,"['moodysalem', 'brockelmore']"
236,447,Update IUniswapV3Factory.sol,tonysosa-dev,closed,2021-03-24 15:09:14+00:00,2021-03-24 15:19:20+00:00,['tonysosa-dev']
237,446,optimize UnsafeMath#divRoundingUp,moodysalem,closed,2021-03-24 14:27:32+00:00,2021-03-31 18:30:03+00:00,"['besoeasy', 'MagMass2021']"
238,445,Improve the 'divRoundingUp' function in the 'UnsafeMath' Library,barakman,closed,2021-03-24 12:41:25+00:00,2021-03-31 18:30:03+00:00,"['barakman', 'moodysalem', 'moodysalem', 'barakman', 'moodysalem', 'barakman', 'barakman', 'moodysalem', 'moodysalem', 'barakman', 'moodysalem', 'barakman', 'moodysalem']"
239,444,Wen/hoaw Layer 2?,ERC20s,closed,2021-03-24 00:22:38+00:00,2021-03-24 03:54:14+00:00,[]
240,443,WIP: rm factory Parameter,wjmelements,closed,2021-03-23 19:17:52+00:00,2021-03-23 19:47:04+00:00,"['wjmelements', 'NoahZinsmeister', 'wjmelements', 'wjmelements', 'NoahZinsmeister']"
241,442,UniswapV3PoolDeployer.deploy factory parameter is always address(this).,wjmelements,closed,2021-03-23 18:42:05+00:00,2021-03-23 18:45:01+00:00,"['moodysalem', 'wjmelements', 'wjmelements', 'moodysalem', 'wjmelements']"
242,441,Abdk documentation issues,Yorkemartin,closed,2021-03-22 17:43:04+00:00,2021-03-22 19:18:27+00:00,['thaixuandang']
243,440,adding bug bounty markdown,snreynolds,closed,2021-03-19 23:19:33+00:00,2021-03-22 04:44:19+00:00,[]
244,439,add echidna + manticore tests,rmi7,closed,2021-03-19 18:31:52+00:00,2021-03-19 20:57:52+00:00,[]
245,438,natspec loose ends,Yorkemartin,closed,2021-03-18 23:50:05+00:00,2021-03-22 16:19:49+00:00,[]
246,437,low gas balanceOf,moodysalem,closed,2021-03-18 21:23:25+00:00,2021-03-22 21:07:18+00:00,"['NoahZinsmeister', 'moodysalem', 'moodysalem', 'moodysalem']"
247,436,optimize sloads in swap,moodysalem,closed,2021-03-12 19:09:58+00:00,2021-03-12 20:28:06+00:00,[]
248,435,Messing around opt mulshift,moodysalem,closed,2021-03-11 16:52:37+00:00,2021-03-11 17:24:39+00:00,[]
249,434,example mulshift impl,moodysalem,closed,2021-03-11 16:14:30+00:00,2021-03-11 16:20:02+00:00,[]
250,433,add LICENSE and make associated changes,NoahZinsmeister,closed,2021-03-10 17:33:28+00:00,2021-03-22 00:27:20+00:00,[]
251,432,Include pool mythx,moodysalem,closed,2021-03-05 18:58:36+00:00,2021-03-05 20:26:32+00:00,[]
252,431,start with all echidna tests,moodysalem,closed,2021-03-05 15:59:24+00:00,2021-03-05 15:59:36+00:00,[]
253,430,fix FullMath.sol mulDivRoundingUp bug,moodysalem,closed,2021-03-05 06:02:41+00:00,2021-03-05 16:46:08+00:00,[]
254,429,#burn should accrue fees to the position instead of transferring,moodysalem,closed,2021-03-01 16:39:43+00:00,2021-03-01 20:03:47+00:00,[]
255,428,remove the delete in the position#update for the last burn of a position,moodysalem,closed,2021-03-01 16:03:33+00:00,2021-03-01 16:26:55+00:00,[]
256,427,Burn accounting tokens owed,moodysalem,closed,2021-02-27 23:21:57+00:00,2021-03-01 20:03:47+00:00,[]
257,426,fee adjustment,moodysalem,closed,2021-02-27 22:44:55+00:00,2021-03-01 17:42:00+00:00,['moodysalem']
258,425,optimize out 2 sloads for the last burn of a position,moodysalem,closed,2021-02-26 23:27:58+00:00,2021-03-01 16:26:49+00:00,[]
259,424,Every modifyPosition call burns less than 1 wei of fees owed to position,moodysalem,open,2021-02-26 19:28:27+00:00,,['moodysalem']
260,423,Allow fetching the required liquidity from amount0/amount1,gakonst,closed,2021-02-24 13:21:02+00:00,2021-02-24 19:45:40+00:00,['moodysalem']
261,422,save gas on balance0/balance1 calls,moodysalem,closed,2021-02-22 23:04:24+00:00,2021-02-22 23:16:58+00:00,[]
262,421,return values from swap,moodysalem,closed,2021-02-22 21:44:20+00:00,2021-02-22 23:02:16+00:00,[]
263,420,return values from swap,moodysalem,closed,2021-02-22 21:39:07+00:00,2021-02-22 21:43:04+00:00,['moodysalem']
264,419,return values from mint,moodysalem,closed,2021-02-22 19:59:33+00:00,2021-02-22 22:02:10+00:00,[]
265,418,feat: add return values,gakonst,closed,2021-02-22 15:58:28+00:00,2021-02-22 22:02:34+00:00,[]
266,417,test the sqrt price math function,moodysalem,closed,2021-02-19 19:23:45+00:00,2021-02-22 17:23:19+00:00,[]
267,416,feat: add router v3 interface,gakonst,closed,2021-02-19 09:40:05+00:00,2021-02-19 21:43:02+00:00,['moodysalem']
268,415,verify overflow safety of fee growth globals,moodysalem,closed,2021-02-18 19:03:46+00:00,2021-04-16 16:41:02+00:00,"['moodysalem', 'moodysalem']"
269,414,remove denominator check that never happens,moodysalem,closed,2021-02-18 15:07:29+00:00,2021-02-18 15:40:04+00:00,[]
270,413,change the fee options,moodysalem,closed,2021-02-18 14:55:08+00:00,2021-02-18 15:06:39+00:00,[]
271,412,denominator != 0 check in sqrt price math never happens,moodysalem,closed,2021-02-18 14:39:29+00:00,2021-02-18 15:40:04+00:00,[]
272,411,Add ability for protocol to collect fee on principal on burn,moodysalem,closed,2021-02-17 17:52:33+00:00,2021-02-19 19:19:01+00:00,['moodysalem']
273,410,verify bounds of the inaccurate form of getNextSqrtPriceFromAmount0RoundingUp(add = true),moodysalem,open,2021-02-16 23:24:49+00:00,,[]
274,409,remove the single seconds ago form,moodysalem,closed,2021-02-16 22:31:51+00:00,2021-02-16 23:26:22+00:00,[]
275,408,observe takes multiple seconds ago arguments,moodysalem,closed,2021-02-16 21:34:02+00:00,2021-02-17 03:22:00+00:00,[]
276,407,enable making more than one observation at a time via observe,moodysalem,closed,2021-02-16 18:29:31+00:00,2021-02-17 03:22:00+00:00,[]
277,406,failing tick overflow echidna test case,moodysalem,closed,2021-02-16 16:08:58+00:00,2021-02-18 19:01:37+00:00,['moodysalem']
278,405,arbitrage example behavior test cases,moodysalem,closed,2021-02-15 16:42:19+00:00,2021-02-16 15:50:45+00:00,[]
279,404,Penalize intrablock,NoahZinsmeister,closed,2021-02-12 23:07:42+00:00,2021-02-17 17:49:10+00:00,"['moodysalem', 'NoahZinsmeister', 'moodysalem']"
280,403,Add ability for protocol to collect fee on principal on burn,moodysalem,closed,2021-02-12 18:44:25+00:00,2021-02-18 18:59:31+00:00,[]
281,402,revert reasons missing from tests due to hardhat bugs,moodysalem,open,2021-02-12 18:43:36+00:00,,[]
282,401,Last todo,NoahZinsmeister,closed,2021-02-12 16:28:29+00:00,2021-02-12 18:13:34+00:00,[]
283,400,remove todos,NoahZinsmeister,closed,2021-02-11 19:03:05+00:00,2021-02-12 16:24:45+00:00,[]
284,399,add echidna test for mint invariant,NoahZinsmeister,closed,2021-02-11 18:44:14+00:00,2021-02-11 19:02:49+00:00,[]
285,398,try packing via uint128,moodysalem,closed,2021-02-11 16:46:25+00:00,2021-02-11 17:45:26+00:00,[]
286,397,first pass at packing,moodysalem,closed,2021-02-11 02:33:23+00:00,2021-02-11 17:35:24+00:00,[]
287,396,accumulate most significant bit of liquidity,moodysalem,closed,2021-02-11 01:10:42+00:00,2021-02-11 17:48:37+00:00,[]
288,395,check 2 adjacent observations echidna test,moodysalem,closed,2021-02-10 23:34:03+00:00,2021-02-11 00:16:30+00:00,[]
289,394,take protocol fee in flash,NoahZinsmeister,closed,2021-02-10 22:04:28+00:00,2021-02-10 23:29:20+00:00,[]
290,393,Full intra block sandwich penalty,NoahZinsmeister,closed,2021-02-10 21:16:26+00:00,2021-02-12 23:05:44+00:00,"['moodysalem', 'NoahZinsmeister', 'moodysalem']"
291,392,Natspec grammar and clarity,Yorkemartin,closed,2021-02-09 23:32:04+00:00,2021-02-10 22:42:41+00:00,[]
292,391,linear fee penalty,NoahZinsmeister,closed,2021-02-09 21:27:48+00:00,2021-02-12 23:02:31+00:00,"['moodysalem', 'NoahZinsmeister', 'moodysalem', 'NoahZinsmeister', 'moodysalem', 'NoahZinsmeister', 'moodysalem', 'NoahZinsmeister', 'moodysalem', 'NoahZinsmeister', 'moodysalem']"
293,390,rename scry -> observe,moodysalem,closed,2021-02-09 19:52:10+00:00,2021-02-10 23:21:10+00:00,"['haydenadams', 'NoahZinsmeister', 'moodysalem', 'Yorkemartin', 'gakonst']"
294,389,rename `scry` -> `observe`,moodysalem,closed,2021-02-09 16:53:35+00:00,2021-02-10 23:21:10+00:00,[]
295,388,rewrite the function getNextSqrtPriceFromAmount0RoundingUp for small gas optimization/readability,moodysalem,closed,2021-02-09 16:47:19+00:00,2021-02-09 22:55:08+00:00,[]
296,387,Take protocol fee on principal on burn,moodysalem,closed,2021-02-08 23:43:57+00:00,2021-02-17 17:49:28+00:00,['moodysalem']
297,386,Arbitrary length exact output multi-hops,Yorkemartin,closed,2021-02-08 19:54:56+00:00,2021-02-14 20:35:48+00:00,"['gakonst', 'NoahZinsmeister']"
298,385,pack token0 protocol fees with liquidity in slot1,NoahZinsmeister,closed,2021-02-08 18:46:40+00:00,2021-02-19 19:18:49+00:00,[]
299,384,Split fee protocol,moodysalem,closed,2021-02-08 16:09:37+00:00,2021-02-08 21:16:12+00:00,['NoahZinsmeister']
300,383,separate protocol fee for token0 and token1,moodysalem,closed,2021-02-08 15:35:06+00:00,2021-02-08 21:16:12+00:00,['greyyT']
301,382,collect protocol fees in swap,NoahZinsmeister,closed,2021-02-05 19:48:54+00:00,2021-02-08 15:34:50+00:00,[]
302,381,pair echidna test,moodysalem,closed,2021-02-05 05:27:14+00:00,2021-02-17 17:49:38+00:00,[]
303,380,IERC20 minimal comments,Yorkemartin,closed,2021-02-04 18:10:23+00:00,2021-02-05 01:12:10+00:00,[]
304,379,another form of doing FullMath,moodysalem,closed,2021-02-04 16:49:34+00:00,2021-02-04 17:13:13+00:00,['moodysalem']
305,378,Full math remco,moodysalem,closed,2021-02-04 14:38:19+00:00,2021-02-04 17:36:22+00:00,[]
306,377,Doc cleanups,Yorkemartin,closed,2021-02-04 01:12:26+00:00,2021-02-04 17:23:18+00:00,['moodysalem']
307,376,collapses sqrt tick math into tick math,moodysalem,closed,2021-02-02 22:20:10+00:00,2021-02-03 18:36:40+00:00,['khan1112']
308,375,try a echidna test for muldiv,moodysalem,closed,2021-02-02 21:26:40+00:00,2021-02-02 21:39:32+00:00,[]
309,374,address remaining todos in the code,NoahZinsmeister,closed,2021-02-02 21:02:18+00:00,2021-02-12 16:24:45+00:00,[]
310,373,Tick comments,Yorkemartin,closed,2021-02-02 21:00:43+00:00,2021-02-03 18:03:28+00:00,['NoahZinsmeister']
311,372,"Remove some more revert reasons that are never hit, asserts -> reverts + todo",moodysalem,closed,2021-02-02 17:46:12+00:00,2021-02-02 21:01:49+00:00,[]
312,371,natspec that breaks the compiler,moodysalem,closed,2021-02-01 17:56:00+00:00,2021-02-08 15:35:57+00:00,['NoahZinsmeister']
313,370,collect protocol fees via offset,NoahZinsmeister,closed,2021-01-29 22:50:14+00:00,2021-02-05 21:11:38+00:00,['NoahZinsmeister']
314,369,clean up events and add documentation,moodysalem,closed,2021-01-29 20:09:32+00:00,2021-01-29 21:33:58+00:00,[]
315,368,unit tests for UniswapV3Pair#setFeeProtocol,moodysalem,closed,2021-01-29 19:29:34+00:00,2021-02-02 19:17:17+00:00,[]
316,367,ux improvement for flash,moodysalem,closed,2021-01-29 18:23:56+00:00,2021-01-29 20:03:51+00:00,[]
317,366,better safe math implementation,moodysalem,closed,2021-01-29 02:21:34+00:00,2021-01-29 17:32:26+00:00,[]
318,365,Oracle comments,Yorkemartin,closed,2021-01-28 21:20:48+00:00,2021-02-02 21:05:07+00:00,['Yorkemartin']
319,364,removes the allowance optimization in the test erc20,moodysalem,closed,2021-01-28 20:32:19+00:00,2021-01-28 20:44:23+00:00,[]
320,363,"hand implement test erc20, remove oz erc20 dependency",moodysalem,closed,2021-01-28 20:13:49+00:00,2021-01-28 20:18:42+00:00,[]
321,362,"remove ERC20 dependency, implement TestERC20",moodysalem,closed,2021-01-28 18:25:30+00:00,2021-01-28 20:18:42+00:00,[]
322,361,clean up licenses,moodysalem,closed,2021-01-28 18:05:59+00:00,2021-01-28 18:17:26+00:00,[]
323,360,better interface for poking,moodysalem,closed,2021-01-28 17:18:49+00:00,2021-01-28 17:49:49+00:00,['moodysalem']
324,359,should we always call mint callback even if amount0Owed/amount1Owed is 0?,moodysalem,closed,2021-01-28 15:01:00+00:00,2021-01-28 17:50:12+00:00,[]
325,358,FeeProtocolChanged event is emitted before the state change,moodysalem,closed,2021-01-28 14:18:21+00:00,2021-02-04 17:52:23+00:00,[]
326,357,Suggestion: Pass on more information to recipient on `uniswapV3FlashCallback`,alcueca,closed,2021-01-28 09:49:24+00:00,2021-01-28 18:11:03+00:00,['moodysalem']
327,356,Suggestion: Arbitrary recipients on `UniswapV3Pair`,alcueca,closed,2021-01-28 09:45:51+00:00,2021-01-29 19:35:40+00:00,"['moodysalem', 'alcueca']"
328,355,first pass of some revert reasons that are not useful,moodysalem,closed,2021-01-28 00:29:03+00:00,2021-01-28 01:09:16+00:00,[]
329,354,Update Position.sol with natspec comments,Yorkemartin,closed,2021-01-28 00:13:48+00:00,2021-01-28 17:55:45+00:00,['Yorkemartin']
330,353,small oracle optimizations,NoahZinsmeister,closed,2021-01-28 00:00:25+00:00,2021-01-28 17:15:59+00:00,[]
331,352,No delegate call opt,moodysalem,closed,2021-01-27 23:44:22+00:00,2021-01-27 23:44:27+00:00,[]
332,351,Changed target variable name in instances of conflicting definitions,Yorkemartin,closed,2021-01-27 21:11:15+00:00,2021-01-27 23:04:27+00:00,['NoahZinsmeister']
333,350,unit test LiquidityMath,moodysalem,closed,2021-01-27 20:19:12+00:00,2021-01-27 22:55:52+00:00,[]
334,349,test FullMath,moodysalem,closed,2021-01-27 20:18:28+00:00,2021-02-04 18:19:06+00:00,[]
335,348,unit test BitMath,moodysalem,closed,2021-01-27 20:18:02+00:00,2021-01-27 22:44:32+00:00,[]
336,347,oracle fixes/opts,NoahZinsmeister,closed,2021-01-27 20:09:46+00:00,2021-01-27 23:07:31+00:00,[]
337,346,unit test delegatecall protection,moodysalem,closed,2021-01-27 16:01:41+00:00,2021-01-27 17:09:02+00:00,[]
338,345,add some scry tests,moodysalem,closed,2021-01-27 03:59:12+00:00,2021-01-27 23:11:50+00:00,[]
339,344,manually strip the revert reasons,moodysalem,closed,2021-01-27 03:37:25+00:00,2021-01-27 23:46:29+00:00,['moodysalem']
340,343,max optimizer against strip revert reasons branch,moodysalem,closed,2021-01-27 03:29:50+00:00,2021-01-27 23:31:34+00:00,[]
341,342,Remove min max plus constructor,moodysalem,closed,2021-01-26 22:54:54+00:00,2021-01-27 03:35:34+00:00,[]
342,341,call initialize from the factory,NoahZinsmeister,closed,2021-01-26 20:40:55+00:00,2021-01-27 23:53:51+00:00,['moodysalem']
343,340,cap tick spacing,moodysalem,closed,2021-01-26 19:57:16+00:00,2021-01-26 20:26:21+00:00,[]
344,339,no op grow,moodysalem,closed,2021-01-26 19:33:44+00:00,2021-01-26 19:38:38+00:00,[]
345,338,make `increaseObservationCardinality` a no op if passed target <= current cardinality,NoahZinsmeister,closed,2021-01-26 19:28:06+00:00,2021-01-26 19:38:38+00:00,['moodysalem']
346,337,TickBitmap mul by tickSpacing can overflow if tickSpacing > type(int16).max,moodysalem,closed,2021-01-26 03:15:23+00:00,2021-01-26 20:26:21+00:00,[]
347,336,cheaper no delegate call,moodysalem,closed,2021-01-26 01:22:04+00:00,2021-01-26 13:35:18+00:00,[]
348,335,clean up factory error strings,NoahZinsmeister,closed,2021-01-25 20:18:57+00:00,2021-01-25 21:42:20+00:00,[]
349,334,noDelegateCall can be a function instead of a modifier to save bytes,moodysalem,closed,2021-01-25 19:50:31+00:00,2021-01-27 23:44:27+00:00,['moodysalem']
350,333,Collect opts,NoahZinsmeister,closed,2021-01-25 17:39:14+00:00,2021-01-25 17:40:18+00:00,[]
351,332,remove min and max tick,moodysalem,closed,2021-01-25 17:36:52+00:00,2021-02-02 16:05:01+00:00,[]
352,331,minTick/maxTick immutables are not necessary,moodysalem,closed,2021-01-25 17:03:19+00:00,2021-02-02 16:05:01+00:00,[]
353,330,consider calling into external contract to fetch require strings,NoahZinsmeister,closed,2021-01-25 16:59:11+00:00,2021-01-25 18:54:25+00:00,[]
354,329,consider generic Bitmap library,NoahZinsmeister,closed,2021-01-25 16:58:25+00:00,2021-01-26 21:22:38+00:00,[]
355,328,strip revert reasons,moodysalem,closed,2021-01-25 03:12:01+00:00,2021-01-27 23:31:06+00:00,"['haydenadams', 'moodysalem', 'moodysalem', 'moodysalem']"
356,327,prevent delegate call,moodysalem,closed,2021-01-23 15:42:14+00:00,2021-01-25 16:27:57+00:00,"['x3devships', 'moodysalem']"
357,326,squashes spaced tick bitmap into tick bitmap,moodysalem,closed,2021-01-23 02:30:18+00:00,2021-01-25 21:19:45+00:00,[]
358,325,optimize scry of 0,moodysalem,closed,2021-01-23 02:15:05+00:00,2021-01-25 16:32:36+00:00,[]
359,324,Price limits instead of tick check at every transition,moodysalem,closed,2021-01-23 01:48:02+00:00,2021-01-23 01:49:24+00:00,[]
360,323,Update TransferHelper.sol with natspec comments,Yorkemartin,closed,2021-01-22 23:24:48+00:00,2021-01-25 16:31:46+00:00,['moodysalem']
361,322,seconds outside packed,moodysalem,closed,2021-01-22 23:01:01+00:00,2021-01-25 17:57:53+00:00,[]
362,321,store 2 oracle observations by default,NoahZinsmeister,closed,2021-01-22 21:02:47+00:00,2021-01-26 19:23:36+00:00,[]
363,320,inline overflow check,moodysalem,closed,2021-01-22 20:32:24+00:00,2021-01-22 21:06:51+00:00,[]
364,319,replace max types everywhere,moodysalem,closed,2021-01-22 19:01:27+00:00,2021-01-22 19:11:53+00:00,[]
365,318,use sqrtPriceLimitX96 instead of max/min tick checks in swap,moodysalem,closed,2021-01-22 18:46:48+00:00,2021-01-23 01:49:38+00:00,['moodysalem']
366,317,Add tests close price boundaries,moodysalem,closed,2021-01-22 18:32:25+00:00,2021-01-22 18:36:55+00:00,[]
367,316,optimize `scry(0)` to just always transform the latest observation,moodysalem,closed,2021-01-22 17:47:05+00:00,2021-01-25 16:32:35+00:00,[]
368,315,Fee variable packing,NoahZinsmeister,closed,2021-01-21 21:09:17+00:00,2021-01-22 18:45:15+00:00,[]
369,314,"comments for FixedPoint96, FixedPoint128, FullMath",Yorkemartin,closed,2021-01-21 20:56:40+00:00,2021-01-22 15:39:07+00:00,['Yorkemartin']
370,313,"more tests, plus a fix in the pair to not send a transfer if no amount out is received",moodysalem,closed,2021-01-21 16:51:35+00:00,2021-01-21 18:44:32+00:00,[]
371,312,"remove double div opt, which i think is exactly equivalent",moodysalem,closed,2021-01-21 16:18:33+00:00,2021-01-21 18:35:21+00:00,[]
372,311,Remove less lossy math,moodysalem,closed,2021-01-21 06:15:42+00:00,2021-01-25 16:55:23+00:00,[]
373,310,Automate swap tests,moodysalem,closed,2021-01-21 06:05:04+00:00,2021-01-21 06:10:17+00:00,[]
374,309,fixes isMulSafe,moodysalem,closed,2021-01-21 02:35:37+00:00,2021-01-21 18:41:33+00:00,[]
375,308,move some functions around to where they belong,moodysalem,closed,2021-01-21 02:31:44+00:00,2021-01-21 02:34:03+00:00,[]
376,307,gas optimization caching the fee growth other,moodysalem,closed,2021-01-21 00:11:07+00:00,2021-01-21 00:41:48+00:00,[]
377,306,"more tests, fix the overflow behavior",moodysalem,closed,2021-01-20 21:50:35+00:00,2021-01-20 23:55:16+00:00,[]
378,305,oracle tests and library clean up,moodysalem,closed,2021-01-19 15:12:21+00:00,2021-01-20 01:50:29+00:00,[]
379,304,unit test reentrance protection in all external pair functions,moodysalem,closed,2021-01-19 14:27:04+00:00,2021-02-02 22:38:34+00:00,['NoahZinsmeister']
380,303,add lock to increase cardinality,moodysalem,closed,2021-01-19 14:26:04+00:00,2021-01-19 16:00:22+00:00,"['NoahZinsmeister', 'moodysalem']"
381,302,no lock in increaseObservationCardinality,moodysalem,closed,2021-01-19 03:25:20+00:00,2021-01-19 16:22:58+00:00,['moodysalem']
382,301,check struct cost,moodysalem,closed,2021-01-18 21:39:27+00:00,2021-01-18 21:39:33+00:00,[]
383,300,turn the optimizer runs up to 1000,moodysalem,closed,2021-01-18 21:24:44+00:00,2021-01-25 16:32:51+00:00,[]
384,299,SafeMath#isMulSafe reverts for x == 0,moodysalem,closed,2021-01-18 21:12:03+00:00,2021-01-21 18:41:32+00:00,[]
385,298,check if struct arguments to pair functions are significantly cheaper/smaller due to packing,moodysalem,closed,2021-01-18 20:28:53+00:00,2021-01-18 21:39:48+00:00,['moodysalem']
386,297,remove allEnabledFeeAmounts,moodysalem,closed,2021-01-18 19:53:52+00:00,2021-01-20 23:05:40+00:00,['moodysalem']
387,296,move some update position code to Position.sol,moodysalem,closed,2021-01-18 15:30:04+00:00,2021-01-18 20:03:46+00:00,[]
388,295,inconsistent pair actions argument order - recipient in different places,moodysalem,closed,2021-01-15 16:49:33+00:00,2021-01-18 20:27:59+00:00,[]
389,294,adjustable oracle observation cardinality,moodysalem,closed,2021-01-15 05:10:10+00:00,2021-01-18 18:45:54+00:00,"['moodysalem', 'moodysalem']"
390,293,remove the constructor argument from the factory,moodysalem,closed,2021-01-15 03:24:28+00:00,2021-01-15 17:10:05+00:00,[]
391,292,split the pair interface for easy discoverability/consumption,moodysalem,closed,2021-01-15 01:21:42+00:00,2021-01-15 01:27:07+00:00,[]
392,291,move rest of code to oracle lib,moodysalem,closed,2021-01-14 23:36:55+00:00,2021-01-14 23:43:57+00:00,[]
393,290,add comments/execute renames per ToB initial report,NoahZinsmeister,closed,2021-01-14 23:20:40+00:00,2021-01-15 02:41:54+00:00,['moodysalem']
394,289,Solc 0.8.0 2,moodysalem,closed,2021-01-14 21:29:09+00:00,2021-01-14 21:43:45+00:00,[]
395,288,adjustable oracle observation cardinality,moodysalem,closed,2021-01-14 18:49:18+00:00,2021-01-18 18:45:54+00:00,[]
396,287,explore custom decoding/encoding of arguments,moodysalem,closed,2021-01-14 18:46:37+00:00,2021-01-18 21:40:41+00:00,['moodysalem']
397,286,consolidate to single swap function,moodysalem,closed,2021-01-14 14:57:39+00:00,2021-01-14 20:11:17+00:00,[]
398,285,consolidate to single external swap function,moodysalem,closed,2021-01-14 03:46:25+00:00,2021-01-14 20:11:17+00:00,[]
399,284,Small opts,moodysalem,closed,2021-01-14 01:55:06+00:00,2021-01-14 14:45:11+00:00,[]
400,283,test behavior of sqrt price limit in 0 liquidity region,moodysalem,closed,2021-01-13 23:35:34+00:00,2021-01-21 18:44:31+00:00,[]
401,282,remove ternary,moodysalem,closed,2021-01-13 19:45:09+00:00,2021-01-13 19:57:42+00:00,[]
402,281,optimize majority of muldivs,moodysalem,closed,2021-01-13 18:26:51+00:00,2021-01-13 19:10:01+00:00,[]
403,280,remove gas optimization in mint,NoahZinsmeister,closed,2021-01-13 17:27:54+00:00,2021-01-14 14:45:11+00:00,[]
404,279,remove allEnabledFeeAmounts and allEnabledFeeAmountsLength in the factory,NoahZinsmeister,closed,2021-01-13 15:26:43+00:00,2021-01-20 23:05:40+00:00,"['NoahZinsmeister', 'moodysalem']"
405,278,remove *Length functions in the factory,NoahZinsmeister,closed,2021-01-13 15:25:52+00:00,2021-01-18 20:12:51+00:00,"['moodysalem', 'NoahZinsmeister', 'moodysalem']"
406,277,decide on the desired oracle array api,NoahZinsmeister,closed,2021-01-12 22:56:52+00:00,2021-01-14 20:40:25+00:00,[]
407,276,decide on the desired granularity and/or bounds of protocol fee,NoahZinsmeister,closed,2021-01-12 19:05:38+00:00,2021-01-26 18:05:21+00:00,"['haydenadams', 'moodysalem']"
408,275,decide on recover,moodysalem,closed,2021-01-12 18:53:31+00:00,2021-01-26 18:06:31+00:00,[]
409,274,match whitepaper to current state of the code,NoahZinsmeister,closed,2021-01-12 17:59:11+00:00,2021-02-02 16:10:06+00:00,[]
410,273,try extracting logic to functions,NoahZinsmeister,closed,2021-01-12 16:20:23+00:00,2021-01-12 17:10:23+00:00,[]
411,272,adjustable protocol fees,NoahZinsmeister,closed,2021-01-08 21:53:16+00:00,2021-01-12 19:06:03+00:00,[]
412,271,removes mint from initialize,moodysalem,closed,2021-01-07 23:31:08+00:00,2021-01-13 22:14:24+00:00,[]
413,270,"for experimentation, remove seconds outside",moodysalem,closed,2021-01-07 22:16:00+00:00,2021-01-12 19:06:28+00:00,[]
414,269,put something in the seconds outside slot so the gas is more even between 0-1 and 1-0,moodysalem,closed,2021-01-07 21:11:31+00:00,2021-01-07 22:00:13+00:00,[]
415,268,do something with the 224 bits in the seconds outside slot of the tick on tick crossing,moodysalem,closed,2021-01-07 20:26:35+00:00,2021-01-25 17:57:53+00:00,"['moodysalem', 'moodysalem', 'moodysalem']"
416,267,remove mint from initialize,moodysalem,closed,2021-01-07 17:10:33+00:00,2021-01-13 22:14:24+00:00,[]
417,266,avoid unnecessary sloads when crossing multiple initialized ticks,moodysalem,closed,2021-01-06 18:02:16+00:00,2021-01-21 00:42:28+00:00,['moodysalem']
418,265,moves more code to tick library,moodysalem,closed,2021-01-06 17:31:20+00:00,2021-01-06 20:32:11+00:00,['moodysalem']
419,264,remove recover,moodysalem,closed,2021-01-06 15:21:33+00:00,2021-01-07 23:00:55+00:00,[]
420,263,"add tick echidna test, do redundant owner check on creation to reduce bytecode size",moodysalem,closed,2021-01-06 03:21:11+00:00,2021-01-06 03:49:43+00:00,[]
421,262,division by zero/overflow possible in getNextPriceFromInput/getNextPriceFromOutput,moodysalem,closed,2021-01-05 18:13:25+00:00,2021-01-06 00:10:51+00:00,['moodysalem']
422,261,clean up tests and make max liquidity per tick calculated,moodysalem,closed,2021-01-05 03:37:55+00:00,2021-01-05 21:51:32+00:00,[]
423,260,fix low intermediate liquidity bug,moodysalem,closed,2021-01-05 01:32:47+00:00,2021-01-05 23:08:07+00:00,[]
424,259,low intermediate liquidity can cause a swap to fail in computing the next price from an input/output amount,moodysalem,closed,2021-01-05 00:17:41+00:00,2021-01-05 23:08:07+00:00,['moodysalem']
425,258,remove some asserts from the pair,moodysalem,closed,2021-01-04 23:08:19+00:00,2021-01-04 23:48:48+00:00,[]
426,257,generalize recover,moodysalem,closed,2021-01-04 18:36:05+00:00,2021-01-07 23:01:23+00:00,[]
427,256,use an overall liquidity total to prevent liquidity overflows in tickâ€¦,moodysalem,closed,2021-01-04 16:08:21+00:00,2021-01-05 03:14:43+00:00,[]
428,255,moves more code from position into its own library,moodysalem,closed,2021-01-04 15:45:44+00:00,2021-01-05 00:59:27+00:00,[]
429,254,Multi hop router ,Yorkemartin,closed,2021-01-04 14:58:39+00:00,2021-01-26 19:07:01+00:00,"['Yorkemartin', 'NoahZinsmeister']"
430,253,various improvements to mint/withdraw/burn,NoahZinsmeister,closed,2021-01-02 03:03:34+00:00,2021-01-05 00:40:54+00:00,"['moodysalem', 'moodysalem', 'moodysalem', 'NoahZinsmeister', 'NoahZinsmeister', 'moodysalem', 'NoahZinsmeister']"
431,252,renames,moodysalem,closed,2021-01-02 02:11:59+00:00,2021-01-02 17:19:27+00:00,[]
432,251,add events,NoahZinsmeister,closed,2021-01-01 23:43:28+00:00,2021-01-02 17:01:58+00:00,[]
433,250,remove all single member structs that have a gas overhead,moodysalem,closed,2020-12-31 22:36:37+00:00,2021-01-02 02:11:11+00:00,[]
434,249,remove the dependencies and copy them into the repo,moodysalem,closed,2020-12-31 22:05:44+00:00,2021-01-01 22:50:54+00:00,[]
435,248,optimizations on top of oracle array,NoahZinsmeister,closed,2020-12-31 19:56:55+00:00,2021-01-07 19:37:22+00:00,[]
436,247,fixed-length oracle array,NoahZinsmeister,closed,2020-12-31 18:33:21+00:00,2021-01-14 20:40:25+00:00,"['moodysalem', 'NoahZinsmeister']"
437,246,Flip bitmap order,NoahZinsmeister,closed,2020-12-31 01:50:04+00:00,2021-01-02 05:05:44+00:00,[]
438,245,try out typed ticks,NoahZinsmeister,closed,2020-12-30 23:51:20+00:00,2020-12-31 19:44:59+00:00,[]
439,244,compute feeToFees using offset approach,danrobinson,closed,2020-12-30 22:01:47+00:00,2021-01-29 22:59:45+00:00,[]
440,243,flash,moodysalem,closed,2020-12-30 21:42:50+00:00,2021-01-19 19:51:26+00:00,[]
441,242,"don't allow initialize outside of {MIN,MAX}_TICK",NoahZinsmeister,closed,2020-12-30 20:21:31+00:00,2020-12-30 20:30:07+00:00,[]
442,241,add some tests showing the bounds of positive input amounts when swapping to a higher price,NoahZinsmeister,closed,2020-12-30 19:57:51+00:00,2021-01-21 18:45:14+00:00,['NoahZinsmeister']
443,240,allow 0 mints,moodysalem,closed,2020-12-29 22:25:56+00:00,2020-12-30 15:12:11+00:00,[]
444,239,switch to using offset approach to measure fees,danrobinson,closed,2020-12-29 18:33:31+00:00,2021-01-19 18:30:47+00:00,[]
445,238,SafeCast::toUint128 is no longer needed,moodysalem,closed,2020-12-29 18:00:12+00:00,2020-12-29 20:02:27+00:00,[]
446,237,Revert error codes,moodysalem,closed,2020-12-29 17:11:31+00:00,2020-12-30 17:07:46+00:00,[]
447,236,add lock to recover and collect,NoahZinsmeister,closed,2020-12-28 21:30:02+00:00,2020-12-28 21:36:18+00:00,[]
448,235,fix bug,NoahZinsmeister,closed,2020-12-28 21:24:22+00:00,2020-12-28 21:30:47+00:00,[]
449,234,support swap to price,NoahZinsmeister,closed,2020-12-28 20:41:11+00:00,2020-12-30 21:35:24+00:00,"['moodysalem', 'NoahZinsmeister', 'NoahZinsmeister', 'moodysalem']"
450,233,"consider representing ""spaced"" vs ""underlying"" ticks as different types",NoahZinsmeister,closed,2020-12-28 19:45:22+00:00,2020-12-31 19:44:59+00:00,[]
451,232,sqrt tick math rounding is incorrect,moodysalem,closed,2020-12-28 19:03:26+00:00,2020-12-28 21:30:47+00:00,[]
452,231,missing reentrancy lock in recover,moodysalem,closed,2020-12-28 17:43:23+00:00,2020-12-28 21:36:18+00:00,[]
453,230,missing reentrancy lock in collect,moodysalem,closed,2020-12-28 17:26:44+00:00,2020-12-28 21:36:17+00:00,[]
454,229,make the addresses computable onchain!,moodysalem,closed,2020-12-23 18:44:31+00:00,2020-12-28 16:34:52+00:00,[]
455,228,add a function `poke` that updates a position and collects the protocol fee without changing position liquidity,moodysalem,closed,2020-12-23 18:20:56+00:00,2020-12-30 15:12:11+00:00,"['NoahZinsmeister', 'moodysalem', 'haydenadams', 'NoahZinsmeister', 'haydenadams', 'NoahZinsmeister', 'NoahZinsmeister', 'haydenadams', 'moodysalem']"
456,227,organize state variables into explicitly marked slots,moodysalem,closed,2020-12-23 00:04:52+00:00,2020-12-28 17:53:57+00:00,[]
457,226,allow protocol fee to be adjusted,moodysalem,closed,2020-12-22 22:56:22+00:00,2021-01-12 19:06:03+00:00,"['NoahZinsmeister', 'haydenadams', 'moodysalem']"
458,225,remove all but 1 swap function,NoahZinsmeister,closed,2020-12-22 20:58:52+00:00,2020-12-22 21:40:34+00:00,[]
459,224,Fix tick boundary issue,moodysalem,closed,2020-12-22 20:12:44+00:00,2020-12-29 17:07:08+00:00,[]
460,223,add data parameter to initialize/mint/swap callbacks,moodysalem,closed,2020-12-22 17:19:21+00:00,2020-12-22 20:23:12+00:00,[]
461,222,remove specific swap functions in favor of generic swap interface,moodysalem,closed,2020-12-22 17:07:56+00:00,2020-12-22 21:40:34+00:00,[]
462,221,pass through callback data parameter to all callbacks,moodysalem,closed,2020-12-22 16:59:49+00:00,2020-12-22 20:23:12+00:00,[]
463,220,contract is too large to be deployed,moodysalem,closed,2020-12-22 16:47:58+00:00,2020-12-30 17:07:46+00:00,[]
464,219,verify overflow on tick accumulator does not affect result,moodysalem,closed,2020-12-22 16:28:39+00:00,2021-01-13 22:58:39+00:00,[]
465,218,add swap to price method to the pair,NoahZinsmeister,closed,2020-12-21 17:10:51+00:00,2020-12-30 21:35:24+00:00,[]
466,217,update the accumulator only when it needs to be updated,moodysalem,closed,2020-12-21 16:33:13+00:00,2020-12-22 16:28:50+00:00,[]
467,216,optimize sloads/get tick at ratio calls for the tick accumulator,moodysalem,closed,2020-12-21 16:20:29+00:00,2020-12-22 16:28:50+00:00,[]
468,215,tick state transition issue,moodysalem,closed,2020-12-18 22:50:17+00:00,2020-12-22 19:47:18+00:00,"['moodysalem', 'moodysalem']"
469,214,tick state transition can happen without price moving into next tick (only zero for one direction),moodysalem,closed,2020-12-18 20:36:30+00:00,2020-12-29 17:07:08+00:00,"['moodysalem', 'moodysalem', 'moodysalem']"
470,213,create a minimal-`transfer` multihop-capable router,NoahZinsmeister,closed,2020-12-18 19:38:42+00:00,2021-01-26 19:07:01+00:00,[]
471,212,refactor swap math to avoid unnecessary asserts,moodysalem,closed,2020-12-18 00:24:41+00:00,2020-12-18 20:30:30+00:00,[]
472,211,"events for mint, burn, swap, collect fees",Yorkemartin,closed,2020-12-17 16:38:03+00:00,2021-01-01 23:41:23+00:00,[]
473,210,Solc 0.8,NoahZinsmeister,closed,2020-12-16 21:04:35+00:00,2020-12-28 16:39:18+00:00,['NoahZinsmeister']
474,209,move some tick code into tick library,moodysalem,closed,2020-12-16 20:06:18+00:00,2020-12-17 23:14:24+00:00,[]
475,208,Added docgen action & configuration,Yorkemartin,closed,2020-12-16 19:51:20+00:00,2021-01-14 20:43:04+00:00,[]
476,207,Solc 0.7,NoahZinsmeister,closed,2020-12-16 19:34:06+00:00,2020-12-16 20:06:38+00:00,[]
477,206,"add events for mint, burn, swap, collect fees",moodysalem,closed,2020-12-16 19:33:28+00:00,2021-01-02 17:01:58+00:00,[]
478,205,fuzz tests for pair solvency,moodysalem,closed,2020-12-15 18:27:26+00:00,2021-02-19 19:18:45+00:00,[]
479,204,update MAX_LIQUIDITY_GROSS_PER_TICK to the maximum value per our final value for # of ticks,moodysalem,closed,2020-12-15 17:37:29+00:00,2021-01-05 21:51:32+00:00,['NoahZinsmeister']
480,203,consider fixed-length list of accumulator values,NoahZinsmeister,closed,2020-12-14 23:41:43+00:00,2021-01-14 20:40:25+00:00,['moodysalem']
481,202,price math tweaks,NoahZinsmeister,closed,2020-12-14 21:34:54+00:00,2020-12-14 23:10:58+00:00,[]
482,201,make sure owner/feeTo design is ergonomic for e.g. collecting fees,NoahZinsmeister,closed,2020-12-14 21:17:27+00:00,2021-01-12 19:06:03+00:00,[]
483,200,64x96 price,moodysalem,closed,2020-12-14 01:41:17+00:00,2020-12-14 20:35:43+00:00,[]
484,199,flash borrowing a single (or both) asset,moodysalem,closed,2020-12-13 19:14:18+00:00,2021-01-19 19:51:26+00:00,"['moodysalem', 'NoahZinsmeister']"
485,198,Tick math tweaks,NoahZinsmeister,closed,2020-12-11 16:59:41+00:00,2020-12-11 17:51:24+00:00,[]
486,197,price range may be too narrow with current sqrt tick math,moodysalem,closed,2020-12-11 16:49:03+00:00,2020-12-14 20:35:42+00:00,['moodysalem']
487,196,ensure SqrtTickMath consistency,NoahZinsmeister,closed,2020-12-11 15:50:07+00:00,2020-12-11 16:42:01+00:00,"['moodysalem', 'moodysalem']"
488,195,replace all revert reasons with unique error codes,moodysalem,closed,2020-12-11 02:17:39+00:00,2020-12-30 17:07:46+00:00,"['moodysalem', 'moodysalem', 'moodysalem']"
489,194,store and collect fees separately from updating positions (mint/burn/collectFees),moodysalem,closed,2020-12-11 02:08:57+00:00,2020-12-11 20:35:58+00:00,[]
490,193,support exact output,NoahZinsmeister,closed,2020-12-10 22:54:20+00:00,2020-12-16 19:04:48+00:00,[]
491,192,check all bitshifts,NoahZinsmeister,closed,2020-12-10 22:24:03+00:00,2020-12-11 02:18:31+00:00,['moodysalem']
492,191,remove liquidity accumulator and pack with sqrt price,moodysalem,closed,2020-12-10 18:20:47+00:00,2020-12-11 14:43:33+00:00,[]
493,190,explore a fully fleshed-out callback pay variant,NoahZinsmeister,closed,2020-12-09 20:05:18+00:00,2020-12-16 19:32:06+00:00,['NoahZinsmeister']
494,189,add collect,NoahZinsmeister,closed,2020-12-09 20:03:23+00:00,2020-12-14 21:31:37+00:00,[]
495,188,use sqrt(price) directly,NoahZinsmeister,closed,2020-12-08 22:03:01+00:00,2020-12-11 14:37:21+00:00,['moodysalem']
496,187,explore whether exact output amounts can be supported in swap,NoahZinsmeister,closed,2020-12-08 18:55:14+00:00,2020-12-16 19:04:48+00:00,[]
497,186,revisit dust granted to LPs,NoahZinsmeister,closed,2020-12-08 17:01:18+00:00,2020-12-14 20:35:42+00:00,[]
498,185,use sqrt price math in swap,moodysalem,closed,2020-12-06 19:03:24+00:00,2020-12-08 16:48:28+00:00,[]
499,184,square root price math,moodysalem,closed,2020-12-06 17:15:57+00:00,2020-12-07 21:06:49+00:00,[]
500,183,use sqrt(price) instead of price,moodysalem,closed,2020-12-04 19:52:08+00:00,2020-12-11 15:24:39+00:00,[]
501,182,add an insolvency edge case test,moodysalem,closed,2020-12-03 21:00:37+00:00,2020-12-07 17:06:23+00:00,"['moodysalem', 'moodysalem']"
502,181,Spaced ticks,moodysalem,closed,2020-12-02 23:51:02+00:00,2020-12-07 15:18:37+00:00,[]
503,180,sqrt(price) PoC,NoahZinsmeister,closed,2020-12-02 21:17:48+00:00,2020-12-07 16:32:28+00:00,['NoahZinsmeister']
504,179,move some code into its own method,moodysalem,closed,2020-12-02 03:08:16+00:00,2020-12-02 22:23:34+00:00,[]
505,178,derive tickCurrent as needed,NoahZinsmeister,closed,2020-12-01 23:12:36+00:00,2020-12-03 00:16:57+00:00,"['moodysalem', 'NoahZinsmeister']"
506,177,add function for feeTo to withdraw fees,moodysalem,closed,2020-12-01 23:11:34+00:00,2020-12-14 21:31:37+00:00,[]
507,176,compute feeToFees in setPosition,moodysalem,closed,2020-12-01 22:41:20+00:00,2020-12-02 00:08:40+00:00,[]
508,175,explore optimization of feeToFees in setPosition which is not confiscatory,moodysalem,closed,2020-12-01 19:39:26+00:00,2020-12-29 18:52:51+00:00,"['moodysalem', 'moodysalem', 'moodysalem']"
509,174,track feeToFees in setPosition instead of swap,moodysalem,closed,2020-12-01 19:37:42+00:00,2020-12-02 00:08:40+00:00,[]
510,173,initialize at price instead of tick,moodysalem,closed,2020-12-01 04:10:09+00:00,2020-12-01 21:59:34+00:00,[]
511,172,initialize should take priceCurrent instead of tickCurrent,moodysalem,closed,2020-11-30 18:59:20+00:00,2020-12-01 21:59:34+00:00,[]
512,171,more correct tick bitmap types,moodysalem,closed,2020-11-30 01:22:33+00:00,2020-12-01 00:11:38+00:00,[]
513,170,make tick math into contract,moodysalem,closed,2020-11-27 22:56:47+00:00,2020-11-30 23:06:39+00:00,[]
514,169,add the two accumulators and do some better packing,moodysalem,closed,2020-11-26 01:32:36+00:00,2020-11-30 19:21:11+00:00,[]
515,168,Ticks 24bit,moodysalem,closed,2020-11-25 19:48:19+00:00,2020-11-25 21:16:31+00:00,[]
516,167,tick to 24 bits,moodysalem,closed,2020-11-25 19:11:23+00:00,2020-11-25 21:16:31+00:00,"['moodysalem', 'moodysalem', 'moodysalem']"
517,166,use smaller ticks for lower fee pairs,moodysalem,closed,2020-11-25 17:53:55+00:00,2020-12-07 15:18:37+00:00,"['moodysalem', 'moodysalem', 'moodysalem']"
518,165,block timestamp to 32 bits,moodysalem,closed,2020-11-25 17:53:22+00:00,2020-11-25 19:07:27+00:00,[]
519,164,add liquidity-in-range accumulator,moodysalem,closed,2020-11-25 17:52:55+00:00,2020-11-30 19:21:10+00:00,[]
520,163,back to fee in pips,moodysalem,closed,2020-11-25 17:38:52+00:00,2020-11-25 18:52:17+00:00,[]
521,162,"adds the ability to enable fee options, renames fee to setter to owner",moodysalem,closed,2020-11-25 15:55:08+00:00,2020-11-25 18:42:24+00:00,[]
522,161,multipool,moodysalem,closed,2020-11-25 05:29:47+00:00,2020-11-25 18:42:33+00:00,[]
523,160,track balance offset (q) instead of feeGrowthGlobal,moodysalem,closed,2020-11-24 18:04:54+00:00,2021-01-19 18:31:14+00:00,"['NoahZinsmeister', 'NoahZinsmeister']"
524,159,always use feeLast as the fee,NoahZinsmeister,closed,2020-11-24 01:00:35+00:00,2020-11-25 18:44:32+00:00,['moodysalem']
525,158,track gross liquidity instead of num positions,moodysalem,closed,2020-11-23 22:37:51+00:00,2020-11-23 23:39:47+00:00,[]
526,157,discourage griefing of swappers by enforcing minimum amount of gross liquidity at every tick,moodysalem,closed,2020-11-23 20:55:45+00:00,2020-11-23 23:49:21+00:00,"['NoahZinsmeister', 'NoahZinsmeister', 'haydenadams', 'NoahZinsmeister']"
527,156,add checked transferFrom,NoahZinsmeister,closed,2020-11-23 20:15:41+00:00,2020-12-11 17:48:52+00:00,"['moodysalem', 'NoahZinsmeister', 'moodysalem', 'moodysalem', 'NoahZinsmeister']"
528,155,q,moodysalem,closed,2020-11-23 16:25:44+00:00,2020-12-01 22:02:24+00:00,['NoahZinsmeister']
529,154,put liquidity current in the state and commit it at the end of the swap,moodysalem,closed,2020-11-21 18:31:49+00:00,2020-11-23 20:01:17+00:00,[]
530,153,8 fee votes,moodysalem,closed,2020-11-21 03:53:18+00:00,2020-11-25 18:01:47+00:00,"['NoahZinsmeister', 'NoahZinsmeister', 'moodysalem', 'NoahZinsmeister', 'haydenadams']"
531,152,change block timestamp to 64 bits,moodysalem,closed,2020-11-21 00:13:35+00:00,2020-11-21 17:28:03+00:00,[]
532,151,consider putting an owner address in the position struct and keying by a id (counter) instead of owner/lower/upper/feevote,moodysalem,closed,2020-11-20 23:43:06+00:00,2020-11-24 00:06:24+00:00,['moodysalem']
533,150,bump size of our timestamps to 64 bits,moodysalem,closed,2020-11-20 23:39:23+00:00,2020-11-21 17:28:03+00:00,[]
534,149,pack unlocked as a uint8/bool,moodysalem,closed,2020-11-20 23:31:31+00:00,2020-11-30 19:21:10+00:00,['NoahZinsmeister']
535,148,explore 8 fee vote options instead of 6,moodysalem,closed,2020-11-20 23:31:03+00:00,2020-11-25 18:00:59+00:00,[]
536,147,flash mint fee vote griefing vector,NoahZinsmeister,closed,2020-11-20 22:32:51+00:00,2020-11-25 18:42:33+00:00,['moodysalem']
537,146,Uq128x128,moodysalem,closed,2020-11-20 21:32:05+00:00,2020-11-20 23:41:19+00:00,[]
538,145,optimize ReverseTickMath.getTickAtPrice,moodysalem,closed,2020-11-20 20:15:40+00:00,2020-11-30 23:06:39+00:00,[]
539,144,use the tick bitmap in swap,moodysalem,closed,2020-11-20 19:16:05+00:00,2020-11-20 20:46:30+00:00,[]
540,143,add a library for computing the tick from a price using a binary search within a range,moodysalem,closed,2020-11-20 17:18:09+00:00,2020-11-20 19:10:06+00:00,[]
541,142,set feeLast in initialize if necessary,moodysalem,closed,2020-11-20 15:56:25+00:00,2020-11-20 18:12:15+00:00,['NoahZinsmeister']
542,141,geometric mean twap,moodysalem,closed,2020-11-20 15:29:55+00:00,2020-11-30 19:21:11+00:00,[]
543,140,use _setPosition in initialize,NoahZinsmeister,closed,2020-11-19 22:52:52+00:00,2020-11-20 15:53:00+00:00,[]
544,139,NatSpec comments,Yorkemartin,closed,2020-11-19 21:09:44+00:00,2021-01-25 16:35:02+00:00,"['Yorkemartin', 'moodysalem', 'moodysalem']"
545,138,special-case MIN/MAX liquidity in setPosition,NoahZinsmeister,closed,2020-11-19 20:59:34+00:00,2020-11-20 02:36:23+00:00,"['moodysalem', 'NoahZinsmeister', 'moodysalem', 'NoahZinsmeister']"
546,137,update fee votes,NoahZinsmeister,closed,2020-11-19 17:23:50+00:00,2020-11-19 17:56:22+00:00,[]
547,136,using incorrect tick in transitions from left to right,moodysalem,closed,2020-11-19 14:34:04+00:00,2020-11-19 14:34:30+00:00,[]
548,135,"use direct formulas for token{0,1} deltas",NoahZinsmeister,closed,2020-11-19 06:37:29+00:00,2020-11-19 17:59:52+00:00,['NoahZinsmeister']
549,134,Tick bit map,moodysalem,closed,2020-11-19 06:08:28+00:00,2020-11-19 20:08:41+00:00,['moodysalem']
550,133,uint256 virtual reserves & constrain maximum liquidity,NoahZinsmeister,closed,2020-11-18 22:37:10+00:00,2020-11-19 03:02:06+00:00,[]
551,132,"remove the set position from initialize, have 1 liquidity min",moodysalem,closed,2020-11-18 18:49:56+00:00,2020-11-19 04:17:41+00:00,[]
552,131,bigger fee slots,moodysalem,closed,2020-11-18 17:12:30+00:00,2020-11-18 18:27:02+00:00,[]
553,130,natspec/docgen everything,moodysalem,closed,2020-11-18 17:01:01+00:00,2021-02-03 21:19:12+00:00,"['moodysalem', 'moodysalem', 'Yorkemartin', 'moodysalem', 'ianlapham']"
554,129,dedupe some code,moodysalem,closed,2020-11-17 23:23:15+00:00,2020-11-18 02:49:22+00:00,[]
555,128,constrain ticks so each has a unique price,NoahZinsmeister,closed,2020-11-17 22:17:54+00:00,2020-11-17 23:14:58+00:00,[]
556,127,codegen some tickmath tables,moodysalem,closed,2020-11-17 19:51:25+00:00,2020-12-08 17:38:40+00:00,[]
557,126,explore solutions to liquidity overflowing on tick crossings,NoahZinsmeister,closed,2020-11-17 17:59:14+00:00,2020-11-19 04:17:40+00:00,[]
558,125,port new fixed point code over to lib; remove unused code,NoahZinsmeister,closed,2020-11-17 17:54:37+00:00,2020-11-19 04:17:40+00:00,[]
559,124,explore removing the min liquidity constraint,NoahZinsmeister,closed,2020-11-17 17:53:21+00:00,2020-11-19 04:17:40+00:00,[]
560,123,explore `sqrt` correctness/efficiency,NoahZinsmeister,closed,2020-11-17 17:50:13+00:00,2020-12-09 20:03:54+00:00,[]
561,122,ensure safety/correctness of fee tracking logic,NoahZinsmeister,closed,2020-11-17 17:30:34+00:00,2020-11-19 21:10:29+00:00,['moodysalem']
562,121,use bitmaps to swap within wider tick ranges when possible,moodysalem,closed,2020-11-16 17:51:56+00:00,2020-11-20 20:46:30+00:00,['NoahZinsmeister']
563,120,change initialized to numPositions,moodysalem,closed,2020-11-15 07:37:41+00:00,2020-11-16 19:47:33+00:00,[]
564,119,`UniswapV3Pair#recover` could be generalized to allow calling any contract with any data,moodysalem,closed,2020-11-13 18:34:35+00:00,2021-01-07 23:00:55+00:00,"['NoahZinsmeister', 'moodysalem', 'haydenadams', 'moodysalem', 'moodysalem', 'danrobinson']"
565,118,derived reserves,NoahZinsmeister,closed,2020-11-12 22:18:16+00:00,2020-11-17 05:27:27+00:00,[]
566,117,Fee tracking via tokens,NoahZinsmeister,closed,2020-11-05 21:41:14+00:00,2020-11-11 16:53:48+00:00,['NoahZinsmeister']
567,116,fee should be able to go down (as low as the fee from the last block's liquidity range) as you cross ticks,moodysalem,closed,2020-11-03 18:59:08+00:00,2020-11-03 18:59:49+00:00,[]
568,115,tick math echidna test,moodysalem,closed,2020-11-03 15:51:37+00:00,2020-11-05 15:33:05+00:00,[]
569,114,improve get amount out invariant,moodysalem,closed,2020-11-02 19:46:38+00:00,2020-11-02 19:48:58+00:00,[]
570,113,add echidna tests,moodysalem,closed,2020-11-02 17:31:37+00:00,2020-11-02 19:06:32+00:00,[]
571,112,optimizations for swap,moodysalem,closed,2020-11-02 17:31:19+00:00,2020-11-03 18:59:49+00:00,['moodysalem']
572,111,change the interface in the callee for 2 swap methods,moodysalem,closed,2020-10-29 22:01:15+00:00,2020-10-29 22:28:59+00:00,[]
573,110,misc small refactors,moodysalem,closed,2020-10-29 20:22:56+00:00,2020-10-30 17:53:21+00:00,[]
574,109,Fix pair echidna test,moodysalem,closed,2020-10-28 15:54:23+00:00,2020-10-28 16:22:28+00:00,[]
575,108,dont use reciprocal,NoahZinsmeister,closed,2020-10-27 21:45:58+00:00,2020-10-29 19:38:39+00:00,[]
576,107,move the amount out calculation to a pricemath method,moodysalem,closed,2020-10-27 18:09:28+00:00,2020-10-27 20:21:21+00:00,[]
577,106,try the assertion,moodysalem,closed,2020-10-27 17:26:53+00:00,2020-10-27 22:49:34+00:00,[]
578,105,combine changes,NoahZinsmeister,closed,2020-10-27 16:11:12+00:00,2020-10-27 16:19:06+00:00,[]
579,104,fix the price math to always return an amount in that equals or exceeds the target inOutRatio,moodysalem,closed,2020-10-27 16:01:17+00:00,2020-10-27 16:43:36+00:00,[]
580,103,add rounding up to fix overshoot calculation,NoahZinsmeister,closed,2020-10-27 02:44:23+00:00,2020-10-27 16:35:09+00:00,['NoahZinsmeister']
581,102,ensure tick transitions are run correctly,NoahZinsmeister,closed,2020-10-26 18:23:45+00:00,2020-11-23 21:27:12+00:00,['NoahZinsmeister']
582,101,decide whether `setPosition` should result in an increase or decrease in `g`,NoahZinsmeister,closed,2020-10-26 17:55:19+00:00,2020-11-17 17:19:43+00:00,[]
583,100,"decide on `TOKEN_MIN` (and `{MIN,MAX}_TICK`)",NoahZinsmeister,closed,2020-10-26 17:25:24+00:00,2020-11-17 23:14:58+00:00,[]
584,99,show failing case,NoahZinsmeister,closed,2020-10-23 22:48:46+00:00,2020-10-23 23:06:35+00:00,[]
585,98,more robust price math testing + add incomplete pair echidna test,moodysalem,closed,2020-10-23 18:51:25+00:00,2020-10-27 15:43:52+00:00,[]
586,97,adding/removing reserves at tick crossings in `_swap` can cause the price to move in the wrong direction,NoahZinsmeister,closed,2020-10-23 18:34:33+00:00,2020-11-17 17:19:39+00:00,[]
587,96,calling `setPosition` can cause the price to move outside of the current tick,NoahZinsmeister,closed,2020-10-23 18:22:39+00:00,2020-11-17 17:19:35+00:00,[]
588,95,add price asserts,NoahZinsmeister,closed,2020-10-23 15:36:15+00:00,2020-10-23 18:12:36+00:00,"['moodysalem', 'NoahZinsmeister', 'moodysalem']"
589,94,fix echidna test,moodysalem,closed,2020-10-23 01:12:59+00:00,2020-10-23 01:19:55+00:00,[]
590,93,slightly improve state of TODOs,NoahZinsmeister,closed,2020-10-22 22:23:13+00:00,2020-10-23 02:43:38+00:00,[]
591,92,fix static analysis check,moodysalem,closed,2020-10-22 20:10:24+00:00,2020-10-23 00:38:11+00:00,[]
592,91,static analysis won't run because of assertion error,moodysalem,closed,2020-10-22 16:48:12+00:00,2020-10-23 00:38:11+00:00,"['moodysalem', 'moodysalem', 'moodysalem']"
593,90,bump lib,NoahZinsmeister,closed,2020-10-22 15:05:34+00:00,2020-10-22 20:45:19+00:00,[]
594,89,fix static analysis check,moodysalem,closed,2020-10-21 19:14:19+00:00,2020-10-22 18:51:09+00:00,[]
595,88,accuracy of step amount out computation,moodysalem,closed,2020-10-21 17:51:18+00:00,2020-10-21 19:11:32+00:00,[]
596,87,investigate whether use of `reciprocal` in `PriceMath.getInputToRatio` arguments is problematic,NoahZinsmeister,closed,2020-10-21 16:58:10+00:00,2020-11-17 17:19:16+00:00,['NoahZinsmeister']
597,86,misc. changes,NoahZinsmeister,closed,2020-10-21 16:27:36+00:00,2020-10-21 21:51:44+00:00,[]
598,85,callee interface does not make sense in cases where both assets cannot be swapped at the same time,moodysalem,closed,2020-10-21 16:11:34+00:00,2020-10-29 22:28:59+00:00,[]
599,84,callee is called with incorrect parameters (amountOut is always passed to amount1),moodysalem,closed,2020-10-21 16:09:37+00:00,2020-10-29 17:19:09+00:00,[]
600,83,callback for payment,moodysalem,closed,2020-10-21 15:25:53+00:00,2020-12-15 22:36:39+00:00,['NoahZinsmeister']
601,82,full precision swap math,NoahZinsmeister,closed,2020-10-21 02:15:13+00:00,2020-10-21 19:11:32+00:00,[]
602,81,add more feeTo tests,NoahZinsmeister,closed,2020-10-20 17:05:55+00:00,2020-10-21 22:05:09+00:00,[]
603,80,fee to in pair,moodysalem,closed,2020-10-20 15:02:39+00:00,2020-10-20 19:16:59+00:00,[]
604,79,recover erc20,moodysalem,closed,2020-10-20 14:33:33+00:00,2020-10-20 19:05:06+00:00,[]
605,78,set `feeTo` on a per pair basis,moodysalem,closed,2020-10-19 22:06:48+00:00,2020-10-20 19:16:59+00:00,[]
606,77,remove the safemath libraries that may be causing the static analysisâ€¦,moodysalem,closed,2020-10-16 22:30:14+00:00,2020-10-19 21:54:05+00:00,['moodysalem']
607,76,WIP - Bump lib,NoahZinsmeister,closed,2020-10-15 21:25:01+00:00,2020-10-19 19:29:14+00:00,['moodysalem']
608,75,bips instead of pips,moodysalem,closed,2020-10-13 20:12:09+00:00,2020-10-15 19:46:16+00:00,[]
609,74,first fuzz test using echidna,moodysalem,closed,2020-10-13 19:02:55+00:00,2020-10-23 00:59:17+00:00,"['moodysalem', 'moodysalem']"
610,73,switch fee from pips to bips,moodysalem,closed,2020-10-13 18:53:42+00:00,2020-10-15 19:46:16+00:00,[]
611,72,implement swap1For0,moodysalem,closed,2020-10-09 02:56:21+00:00,2020-10-09 19:45:55+00:00,[]
612,71,"fix getCumulativePrices, use mock time for easier testing",moodysalem,closed,2020-09-29 21:53:22+00:00,2020-09-30 17:38:50+00:00,"['moodysalem', 'moodysalem']"
613,70,Moody/fee options array,moodysalem,closed,2020-09-28 17:00:17+00:00,2020-09-29 17:08:51+00:00,['moodysalem']
614,69,ensure that we are able to perfectly calculate the output amount given an input amount,NoahZinsmeister,closed,2020-09-01 16:44:37+00:00,2020-10-21 19:11:32+00:00,[]
615,68,ensure that repeated accumulation of fees to `feeTo` works correctly ,NoahZinsmeister,closed,2020-09-01 16:37:06+00:00,2020-10-21 22:05:09+00:00,[]
616,67,add ABDK code - WiP,NoahZinsmeister,closed,2020-09-01 15:20:55+00:00,2020-10-02 20:36:52+00:00,[]
617,66,test: refactor feeTo test,gakonst,closed,2020-09-01 13:46:36+00:00,2020-09-01 14:53:08+00:00,[]
618,65,feat: update global fee at the beginning of a block,gakonst,closed,2020-09-01 08:44:13+00:00,2020-10-07 15:14:20+00:00,[]
619,64,feat: use buidler instead of Waffle,gakonst,closed,2020-09-01 07:51:14+00:00,2020-10-02 20:49:34+00:00,[]
620,63,add protocol liquidity logic,NoahZinsmeister,closed,2020-08-25 19:18:16+00:00,2020-09-30 22:42:47+00:00,[]
621,62,set position can cross a tick due to rounding errors,gakonst,closed,2020-08-25 17:17:01+00:00,2020-10-23 18:22:53+00:00,"['NoahZinsmeister', 'moodysalem', 'NoahZinsmeister']"
622,61,improve the precision of `divuq`,NoahZinsmeister,closed,2020-08-24 17:58:00+00:00,2020-10-19 19:29:14+00:00,['moodysalem']
623,60,fix virtual supplies,danrobinson,closed,2020-08-22 21:02:46+00:00,2020-09-29 21:13:22+00:00,"['gakonst', 'danrobinson']"
624,59,feat: increase FeeVotes to 6,gakonst,closed,2020-08-21 18:43:50+00:00,2020-08-24 18:33:54+00:00,[]
625,58,fix fee on a per-trade basis,NoahZinsmeister,closed,2020-08-18 17:48:40+00:00,2020-08-25 17:04:26+00:00,[]
626,57,increase number of fee votes options to 6,NoahZinsmeister,closed,2020-08-18 17:48:07+00:00,2020-08-24 18:33:54+00:00,[]
627,56,address overflow/rounding issues when adding/removing liquidity on tick crossings,NoahZinsmeister,closed,2020-08-18 17:02:11+00:00,2020-10-23 18:34:56+00:00,['NoahZinsmeister']
628,55,test: swap0for1 can be super expensive,gakonst,closed,2020-08-18 11:52:43+00:00,2020-10-02 21:00:35+00:00,['moodysalem']
629,54,fix comment,danrobinson,closed,2020-08-13 15:30:14+00:00,2020-08-20 21:28:18+00:00,[]
630,53,fix fee at the beginning of the block,NoahZinsmeister,closed,2020-08-12 21:22:57+00:00,2020-10-07 15:14:20+00:00,[]
631,52,demonstrate PriceMath.getTradeToRatio issue,NoahZinsmeister,closed,2020-08-11 20:27:10+00:00,2020-10-13 14:35:57+00:00,"['moodysalem', 'moodysalem', 'NoahZinsmeister']"
632,51,feat: counterfactual read price,gakonst,closed,2020-08-10 16:45:12+00:00,2020-08-24 18:24:12+00:00,"['gakonst', 'gakonst']"
633,50,"LPs, Fees & removal of liquidity",gakonst,closed,2020-08-10 11:57:45+00:00,2020-08-25 16:47:32+00:00,['NoahZinsmeister']
634,49,test: ensure tokens leave the sender's account,gakonst,closed,2020-08-10 09:30:37+00:00,2020-08-18 13:24:07+00:00,"['NoahZinsmeister', 'gakonst']"
635,48,Broken invariant when removing liquidity,gakonst,closed,2020-08-10 09:08:34+00:00,2020-08-18 13:27:25+00:00,[]
636,47,perf: unroll the fee vote calculation,gakonst,closed,2020-08-10 08:20:58+00:00,2020-10-01 17:35:04+00:00,"['NoahZinsmeister', 'moodysalem', 'moodysalem', 'moodysalem']"
637,46,explore the idea of a generic ERC-20 wrapper factory,NoahZinsmeister,closed,2020-08-04 18:09:45+00:00,2020-10-23 18:40:34+00:00,"['moodysalem', 'NoahZinsmeister']"
638,45,explore accepting user tokens via (callback + balance checks) instead of transferFrom,NoahZinsmeister,closed,2020-08-04 18:08:29+00:00,2020-12-09 20:09:30+00:00,"['moodysalem', 'moodysalem', 'moodysalem', 'NoahZinsmeister', 'moodysalem']"
639,44,add function that allows `feeTo` to claim airdrops,NoahZinsmeister,closed,2020-08-04 17:28:26+00:00,2020-10-20 19:05:06+00:00,['moodysalem']
640,43,Median fee voting,NoahZinsmeister,closed,2020-08-04 14:59:14+00:00,2020-08-04 18:12:13+00:00,[]
641,42,allow fee voting to be a separate action from compounding/adding/withdrawing/fee management,NoahZinsmeister,closed,2020-07-28 17:55:29+00:00,2020-08-18 17:29:32+00:00,[]
642,41,investigate whether `getTradeToRatio` does/should systematically under/overshoot prices,NoahZinsmeister,closed,2020-07-24 21:16:48+00:00,2020-08-18 17:43:05+00:00,[]
643,40,formalize math behind `liquidityScalar` updates for positions and `growthOutside` for ticks,NoahZinsmeister,closed,2020-07-21 17:21:54+00:00,2020-08-18 16:58:45+00:00,[]
644,39,optimize `_updateLiquidity`,NoahZinsmeister,closed,2020-07-21 15:59:29+00:00,2020-08-10 19:39:06+00:00,['gakonst']
645,38,ensure that `_mintFee` position is set correctly,NoahZinsmeister,closed,2020-07-21 15:14:55+00:00,2020-08-10 18:20:39+00:00,['gakonst']
646,37,investigate making `muluq` less lossy,NoahZinsmeister,closed,2020-07-21 14:31:43+00:00,2020-08-20 16:47:37+00:00,[]
647,36,rename reserve0 and reserve1,moodysalem,closed,2020-07-14 17:30:35+00:00,2020-07-21 14:28:56+00:00,['NoahZinsmeister']
648,35,evaluate whether fee votes can exceed the bounds of the `Aggregate` struct,NoahZinsmeister,closed,2020-07-07 19:24:07+00:00,2020-08-04 16:27:50+00:00,"['NoahZinsmeister', 'NoahZinsmeister']"
649,34,"consider how FoT and {de,in}flationary tokens affect the safety of the contracts",NoahZinsmeister,closed,2020-07-07 19:20:27+00:00,2020-10-13 18:47:46+00:00,[]
650,33,ensure that all possible levels of virtual liquidity can be represented,NoahZinsmeister,closed,2020-07-07 19:19:03+00:00,2020-10-23 18:37:47+00:00,['NoahZinsmeister']
651,32,get contract size below maximum,NoahZinsmeister,closed,2020-07-07 19:13:49+00:00,2020-07-21 14:34:33+00:00,['NoahZinsmeister']
652,31,Ensure that prices >= max tick and < min tick cannot occur,NoahZinsmeister,closed,2020-07-02 21:24:19+00:00,2020-08-18 17:27:48+00:00,[]
653,30,Consider producing output of all possible TickMath results,NoahZinsmeister,closed,2020-07-02 20:10:29+00:00,2020-10-07 14:52:56+00:00,"['gakonst', 'moodysalem']"
654,29,Bump waffle,moodysalem,closed,2020-06-23 20:03:27+00:00,2020-07-07 19:13:04+00:00,[]
655,28,Create tests for remove liquidity,moodysalem,closed,2020-06-23 20:02:11+00:00,2020-08-25 16:47:32+00:00,['NoahZinsmeister']
656,27,Consider moving remaining fixedpointextra methods to uniswap/lib,moodysalem,closed,2020-06-23 19:57:27+00:00,2020-10-19 19:29:13+00:00,"['NoahZinsmeister', 'NoahZinsmeister']"
657,26,Move tickmath from lib to this repo,moodysalem,closed,2020-06-23 19:57:10+00:00,2020-06-26 15:26:50+00:00,[]
658,25,Consider using ticks for oracle accumulators to save gas,moodysalem,closed,2020-06-23 19:56:58+00:00,2020-10-13 18:51:12+00:00,['NoahZinsmeister']
659,24,Fix fee compounding math,moodysalem,closed,2020-06-23 19:32:07+00:00,2020-10-13 18:51:24+00:00,[]
660,23,minimize SLOADs and SSTOREs,danrobinson,closed,2020-06-22 21:45:08+00:00,2020-10-13 18:51:36+00:00,[]
661,22,Add prototype of fee voting,danrobinson,closed,2020-06-19 23:53:29+00:00,2020-06-20 21:39:37+00:00,[]
662,21,implement swap1for0,NoahZinsmeister,closed,2020-06-17 21:55:44+00:00,2020-10-09 19:45:55+00:00,['haydenadams']
663,20,make address -> uint16 -> uint16 positions mapping gas-efficient,NoahZinsmeister,closed,2020-06-17 21:51:11+00:00,2020-06-22 21:45:37+00:00,['danrobinson']
664,19,Fix tests for add and swap,danrobinson,closed,2020-06-17 21:39:57+00:00,2020-08-18 17:28:42+00:00,[]
665,18,remove all ERC20 functionality from core,haydenadams,closed,2020-06-16 16:14:41+00:00,2020-06-17 21:08:28+00:00,[]
666,17,add safeTransferFrom to TransferHelper,danrobinson,closed,2020-06-15 17:43:17+00:00,2020-06-22 21:46:53+00:00,['danrobinson']
667,16,Implement uqmul112 and uqdiv112 to multiply/divide two fixed-point numbers,danrobinson,closed,2020-06-13 22:54:54+00:00,2020-07-21 14:31:55+00:00,['NoahZinsmeister']
668,15,remove limit orders; add bounded liquidity,danrobinson,closed,2020-06-13 22:07:04+00:00,2020-06-17 21:40:12+00:00,[]
669,14,solve protocol fee interaction with ticks/leverage,moodysalem,closed,2020-06-09 19:07:23+00:00,2020-06-22 21:47:28+00:00,"['danrobinson', 'danrobinson', 'danrobinson']"
670,13,"decide on allowed fee (votes), default fee",moodysalem,closed,2020-06-09 18:57:21+00:00,2020-10-13 18:52:35+00:00,"['danrobinson', 'moodysalem', 'danrobinson', 'NoahZinsmeister']"
671,12,"when user adds or removes liquidity/changes bounds, update the fee accumulator/recompute fee",moodysalem,closed,2020-06-09 18:49:52+00:00,2020-06-22 21:48:00+00:00,['danrobinson']
672,11,update calculated fee when crossing ticks,moodysalem,closed,2020-06-09 18:49:05+00:00,2020-06-22 21:46:00+00:00,['danrobinson']
673,10,allow liquidity providers to set their vote for fee,moodysalem,closed,2020-06-09 18:47:54+00:00,2020-06-22 21:48:37+00:00,['danrobinson']
674,9,add helper function(s) to calculate useful values,NoahZinsmeister,closed,2020-06-09 18:47:43+00:00,2020-10-23 18:39:30+00:00,"['gakonst', 'NoahZinsmeister', 'NoahZinsmeister', 'NoahZinsmeister']"
675,8,ensure crossing ticks is maximally gas-optimized (in particular in the case when a tick is empty),moodysalem,closed,2020-06-09 18:34:58+00:00,2020-10-13 18:58:23+00:00,"['danrobinson', 'moodysalem']"
676,7,decide on tick size,moodysalem,closed,2020-06-09 18:27:44+00:00,2020-10-08 20:40:31+00:00,['moodysalem']
677,6,tick index should be uint16,moodysalem,closed,2020-06-09 18:20:58+00:00,2020-06-17 21:40:12+00:00,['moodysalem']
678,5,Implement #getTradeToRatio,moodysalem,closed,2020-06-09 18:19:40+00:00,2020-07-21 14:29:32+00:00,['NoahZinsmeister']
679,4,Fix getTickPrice() function,danrobinson,closed,2020-06-09 18:15:51+00:00,2020-06-23 14:26:47+00:00,[]
680,3,Decision on limit orders at ticks vs. one way leverage,moodysalem,closed,2020-06-09 18:15:36+00:00,2020-06-22 21:52:35+00:00,"['danrobinson', 'danrobinson', 'danrobinson']"
681,2,Move counterfactual logic for reading price0Cumulative and price1Cumulative to pair,moodysalem,closed,2020-06-08 19:24:10+00:00,2020-08-24 18:24:12+00:00,[]
682,1,Scale up the initial liquidity tokens for usability,moodysalem,closed,2020-05-19 14:19:37+00:00,2020-06-22 22:11:24+00:00,"['moodysalem', 'danrobinson', 'haydenadams']"
